Date,Open,High,Low,Close,Volume
2015-01-01,314.57,315.82,313.36,315.0,265313
2015-01-02,315.06,321.34,307.24,315.46,469013
2015-01-03,315.09,321.74,309.75,315.93,280831
2015-01-04,314.12,318.14,311.63,315.52,417133
2015-01-05,315.97,319.69,312.7,314.5,391976
2015-01-06,316.36,320.35,308.18,314.21,381585
2015-01-07,314.64,321.75,308.02,314.66,550635
2015-01-08,315.24,322.97,304.63,314.14,278033
2015-01-09,314.68,317.04,308.27,313.0,629047
2015-01-10,313.37,320.92,307.47,311.7,536894
2015-01-11,312.58,313.82,308.61,311.38,322546
2015-01-12,311.75,312.76,308.05,310.81,262005
2015-01-13,310.52,315.49,303.29,309.36,308281
2015-01-14,308.62,316.17,301.52,308.06,326610
2015-01-15,307.83,310.51,303.78,307.12,419898
2015-01-16,307.41,310.36,300.4,307.48,189298
2015-01-17,307.19,314.55,300.53,308.73,600012
2015-01-18,309.02,309.8,306.75,308.13,207887
2015-01-19,308.54,309.45,306.37,307.5,292849
2015-01-20,308.27,310.18,304.91,308.06,207171
2015-01-21,309.24,313.55,304.29,308.26,287231
2015-01-22,308.33,311.55,305.4,309.07,632487
2015-01-23,307.86,312.63,297.46,306.52,452288
2015-01-24,306.21,308.72,302.62,305.95,262197
2015-01-25,305.99,310.42,303.62,305.66,556679
2015-01-26,303.98,305.98,303.36,305.55,532656
2015-01-27,306.82,307.98,305.43,305.93,527089
2015-01-28,306.06,308.28,301.37,305.06,552164
2015-01-29,305.41,306.46,302.67,305.39,467087
2015-01-30,306.64,312.31,298.21,304.32,419814
2015-01-31,303.75,307.56,302.62,305.87,326866
2015-02-01,306.4,316.66,299.47,305.76,266737
2015-02-02,305.66,315.0,292.75,305.09,437210
2015-02-03,304.92,306.54,301.03,303.98,602962
2015-02-04,303.28,306.0,301.52,302.74,438866
2015-02-05,304.26,310.58,297.24,303.38,661221
2015-02-06,303.04,309.38,290.39,300.96,319880
2015-02-07,301.59,302.51,300.19,300.56,473780
2015-02-08,298.87,301.46,297.87,300.23,492670
2015-02-09,301.3,303.73,299.48,301.94,479103
2015-02-10,302.9,306.22,300.97,302.76,460664
2015-02-11,302.85,306.56,297.4,302.2,269953
2015-02-12,301.99,304.32,295.83,301.1,237679
2015-02-13,301.46,302.36,298.93,299.54,619744
2015-02-14,301.6,304.74,296.23,298.77,174632
2015-02-15,297.19,306.09,292.83,298.34,396428
2015-02-16,299.04,301.42,297.33,299.91,352104
2015-02-17,299.09,302.8,296.86,300.39,339329
2015-02-18,300.38,302.76,296.55,299.1,529295
2015-02-19,298.88,301.51,293.46,298.24,510327
2015-02-20,297.85,300.14,295.08,297.38,570783
2015-02-21,297.37,300.72,295.96,297.87,327863
2015-02-22,296.86,301.85,294.1,297.77,420785
2015-02-23,298.69,301.04,295.23,298.51,581336
2015-02-24,296.9,300.41,296.33,299.39,651769
2015-02-25,299.88,300.63,296.57,297.99,633511
2015-02-26,297.7,301.0,290.65,296.68,491720
2015-02-27,295.64,298.19,293.87,295.92,226272
2015-02-28,296.1,299.69,291.96,296.95,163517
2015-03-01,295.57,297.65,294.8,296.51,539504
2015-03-02,296.55,298.08,294.49,295.82,586137
2015-03-03,294.55,296.73,292.16,293.97,503219
2015-03-04,294.38,298.97,288.03,293.13,277393
2015-03-05,292.32,296.87,289.24,293.55,472293
2015-03-06,293.16,295.64,292.1,295.05,297563
2015-03-07,295.31,297.35,293.9,295.57,351630
2015-03-08,294.88,297.7,289.53,295.4,339610
2015-03-09,295.35,297.78,288.89,294.35,577989
2015-03-10,293.01,296.67,291.99,293.62,263245
2015-03-11,294.17,295.42,291.66,292.84,415203
2015-03-12,294.39,296.32,291.36,293.39,308386
2015-03-13,295.85,299.83,291.8,293.52,455811
2015-03-14,293.6,303.76,289.44,294.1,486328
2015-03-15,294.79,297.44,286.81,290.75,560234
2015-03-16,289.19,292.28,285.8,291.06,207907
2015-03-17,292.37,298.06,288.23,289.68,263596
2015-03-18,290.36,295.53,286.72,291.06,507774
2015-03-19,290.64,292.22,289.47,290.22,343721
2015-03-20,291.3,293.26,281.23,288.41,219647
2015-03-21,288.19,290.97,286.19,288.16,364510
2015-03-22,287.77,291.65,285.69,288.05,490797
2015-03-23,288.46,291.23,287.3,290.25,170584
2015-03-24,289.32,295.89,286.91,289.72,293141
2015-03-25,290.61,294.6,282.47,288.58,553929
2015-03-26,287.66,288.37,284.26,286.85,385831
2015-03-27,285.94,295.0,281.37,287.57,164723
2015-03-28,286.79,290.32,286.01,288.08,271887
2015-03-29,288.74,289.38,286.25,287.76,437079
2015-03-30,287.23,288.66,286.28,287.17,236973
2015-03-31,286.0,287.41,284.54,286.69,526010
2015-04-01,286.17,292.68,282.06,287.47,471094
2015-04-02,287.44,289.02,285.33,286.29,360222
2015-04-03,285.28,286.45,284.72,285.68,582865
2015-04-04,284.7,286.08,283.02,284.41,327665
2015-04-05,286.21,289.61,282.15,283.57,244189
2015-04-06,282.84,285.05,281.01,283.71,428177
2015-04-07,283.44,286.86,281.43,283.87,406241
2015-04-08,283.56,285.42,283.11,284.62,299043
2015-04-09,284.26,285.06,283.46,283.94,318541
2015-04-10,284.47,287.47,276.56,282.45,323093
2015-04-11,283.25,285.46,281.14,281.85,271032
2015-04-12,281.59,287.05,278.69,281.48,444777
2015-04-13,280.43,282.39,279.36,281.61,419372
2015-04-14,282.69,285.0,280.03,281.49,332136
2015-04-15,281.41,290.54,274.24,281.72,344068
2015-04-16,283.18,285.11,281.01,283.32,298108
2015-04-17,281.41,285.6,279.07,283.26,269541
2015-04-18,283.42,285.62,277.5,282.85,198921
2015-04-19,284.48,287.39,278.02,281.17,285537
2015-04-20,280.87,282.97,276.7,279.41,284028
2015-04-21,279.22,280.74,276.24,278.91,373923
2015-04-22,279.16,282.72,275.26,278.71,554905
2015-04-23,278.25,285.49,275.94,281.48,316890
2015-04-24,281.22,281.56,280.11,281.07,543770
2015-04-25,280.78,281.78,280.35,280.94,560326
2015-04-26,280.41,281.2,278.29,278.9,589977
2015-04-27,279.92,280.31,277.2,277.92,514757
2015-04-28,278.31,278.98,277.37,278.21,403666
2015-04-29,278.42,281.33,274.08,278.46,419156
2015-04-30,279.14,280.42,278.77,279.53,218033
2015-05-01,279.31,281.93,273.63,277.81,444929
2015-05-02,277.16,280.16,275.13,277.97,440005
2015-05-03,277.46,278.37,274.09,276.15,366749
2015-05-04,276.16,278.85,271.09,276.9,434155
2015-05-05,276.02,282.6,270.69,277.15,323380
2015-05-06,276.73,277.9,276.14,277.14,384388
2015-05-07,276.71,281.28,272.79,276.05,340947
2015-05-08,277.81,278.46,273.9,274.32,433702
2015-05-09,272.04,277.44,270.27,274.36,532946
2015-05-10,274.21,274.78,272.46,273.4,492477
2015-05-11,274.81,275.93,271.81,273.09,481027
2015-05-12,273.19,274.51,270.49,272.42,153213
2015-05-13,273.03,276.47,271.45,273.51,546868
2015-05-14,273.59,274.38,270.45,272.54,275923
2015-05-15,272.0,274.43,271.63,274.04,544133
2015-05-16,272.2,274.01,269.46,272.89,218951
2015-05-17,273.06,275.29,271.65,273.01,334884
2015-05-18,272.37,273.59,269.66,272.22,461355
2015-05-19,271.56,274.38,269.59,271.62,399174
2015-05-20,271.22,272.53,270.5,271.71,306431
2015-05-21,273.13,279.59,265.8,271.76,429007
2015-05-22,273.72,274.7,270.63,271.21,367304
2015-05-23,271.39,272.92,269.38,270.9,265666
2015-05-24,270.52,278.48,266.32,269.9,435688
2015-05-25,268.95,276.52,267.28,271.23,238850
2015-05-26,271.61,275.27,268.87,269.98,457630
2015-05-27,271.43,272.58,267.78,268.63,140202
2015-05-28,268.43,273.04,262.57,268.17,374556
2015-05-29,266.26,269.76,265.85,268.92,313254
2015-05-30,269.46,270.05,268.36,269.69,265175
2015-05-31,270.49,273.17,267.42,269.29,366938
2015-06-01,268.01,273.35,260.56,268.35,402630
2015-06-02,268.49,273.98,262.76,268.05,534610
2015-06-03,268.41,269.25,267.17,267.73,479149
2015-06-04,267.67,269.63,264.61,267.42,446906
2015-06-05,266.79,269.42,264.8,268.23,330803
2015-06-06,269.05,271.06,266.1,268.07,304845
2015-06-07,267.75,272.68,262.95,267.47,158747
2015-06-08,266.28,267.18,265.32,266.38,302515
2015-06-09,264.74,273.2,261.56,265.13,506560
2015-06-10,266.14,272.72,259.7,266.17,287520
2015-06-11,266.66,274.08,259.66,266.22,321716
2015-06-12,266.29,267.33,264.8,266.04,244486
2015-06-13,265.69,268.48,262.43,265.87,256413
2015-06-14,265.45,265.84,264.49,265.1,166741
2015-06-15,264.24,267.05,262.3,265.91,387400
2015-06-16,265.56,268.12,261.66,266.24,328929
2015-06-17,264.55,269.6,260.24,265.52,411423
2015-06-18,264.94,265.44,263.44,264.2,404601
2015-06-19,263.95,265.9,261.02,262.09,467200
2015-06-20,262.57,264.63,259.43,261.44,430604
2015-06-21,261.41,262.2,260.92,261.6,451024
2015-06-22,262.23,268.09,256.2,262.13,338314
2015-06-23,263.19,265.05,261.85,262.57,277164
2015-06-24,263.4,265.06,260.88,262.88,518291
2015-06-25,263.26,265.48,261.5,262.39,158302
2015-06-26,262.4,263.85,261.01,262.89,206122
2015-06-27,262.11,263.9,259.67,261.89,329640
2015-06-28,262.47,265.57,260.47,263.39,397650
2015-06-29,264.72,266.61,261.29,262.57,141341
2015-06-30,262.84,263.91,261.1,261.9,473543
2015-07-01,263.41,265.85,255.7,260.0,374273
2015-07-02,258.81,262.41,252.26,259.01,326736
2015-07-03,258.12,263.15,256.25,259.38,319710
2015-07-04,260.04,266.26,255.64,260.49,334601
2015-07-05,260.7,261.11,259.97,260.44,194168
2015-07-06,261.46,264.5,256.08,260.49,186803
2015-07-07,260.47,260.98,258.64,259.42,267342
2015-07-08,258.75,259.42,257.21,258.09,412738
2015-07-09,257.93,259.46,257.28,257.8,385499
2015-07-10,256.62,265.6,248.96,258.86,342053
2015-07-11,257.98,265.14,252.98,259.93,368171
2015-07-12,260.69,264.49,257.06,259.36,360380
2015-07-13,260.04,261.04,258.41,258.87,249881
2015-07-14,259.15,261.7,256.52,258.94,169735
2015-07-15,257.6,260.48,255.99,259.12,480343
2015-07-16,258.84,260.42,254.4,259.06,369910
2015-07-17,258.11,260.34,256.97,258.8,406921
2015-07-18,259.72,260.97,258.07,258.59,311294
2015-07-19,258.14,262.24,255.49,258.67,431940
2015-07-20,257.83,262.1,255.81,258.95,394987
2015-07-21,258.97,261.26,258.27,260.35,155896
2015-07-22,259.85,261.89,257.21,260.75,526534
2015-07-23,261.92,266.22,257.06,259.45,274593
2015-07-24,258.87,260.68,253.11,258.09,188006
2015-07-25,257.01,261.56,254.59,257.7,177721
2015-07-26,256.03,263.49,251.9,258.87,437461
2015-07-27,258.85,261.41,258.36,259.77,470423
2015-07-28,259.33,262.94,258.06,261.89,406327
2015-07-29,260.77,263.77,258.81,261.88,504107
2015-07-30,262.82,267.22,257.6,262.24,308115
2015-07-31,262.77,266.0,254.64,260.3,349371
2015-08-01,260.28,264.38,254.61,260.31,400337
2015-08-02,261.37,265.28,256.0,259.32,517497
2015-08-03,259.83,264.85,256.69,259.14,269740
2015-08-04,258.5,259.3,257.56,258.17,499564
2015-08-05,257.37,259.39,253.77,258.18,198966
2015-08-06,258.81,263.73,250.14,257.33,440126
2015-08-07,257.63,258.32,256.67,257.83,420127
2015-08-08,257.96,267.89,255.16,259.43,480119
2015-08-09,258.77,261.64,256.75,258.49,144097
2015-08-10,258.96,261.37,256.54,258.83,191547
2015-08-11,258.25,259.23,255.82,256.26,165176
2015-08-12,256.18,259.79,251.1,257.11,363120
2015-08-13,258.22,259.6,256.02,257.32,390415
2015-08-14,256.81,258.75,256.25,258.35,496612
2015-08-15,257.13,262.02,253.42,257.91,338879
2015-08-16,257.1,259.81,250.48,256.71,158747
2015-08-17,257.47,257.9,256.44,257.05,212187
2015-08-18,257.25,257.81,256.72,257.23,137390
2015-08-19,257.13,260.93,253.9,257.78,444394
2015-08-20,257.39,260.53,254.75,257.33,443600
2015-08-21,257.7,261.41,253.87,257.33,561619
2015-08-22,256.68,264.3,254.67,258.53,296559
2015-08-23,258.76,261.11,257.73,258.86,146810
2015-08-24,258.29,267.0,249.97,257.93,242036
2015-08-25,257.23,261.27,254.85,256.62,378786
2015-08-26,256.13,258.38,253.59,255.74,566801
2015-08-27,255.45,258.17,254.55,257.54,177653
2015-08-28,257.5,260.72,254.91,256.87,179428
2015-08-29,257.05,259.82,254.82,257.17,407686
2015-08-30,254.32,263.52,251.59,256.9,416173
2015-08-31,256.28,260.55,251.46,257.92,238944
2015-09-01,257.62,258.35,256.37,257.17,462426
2015-09-02,258.33,261.52,252.23,256.59,190410
2015-09-03,255.76,259.11,251.48,255.68,494327
2015-09-04,255.81,261.03,248.05,255.98,226028
2015-09-05,257.13,263.26,251.66,257.28,166499
2015-09-06,256.27,261.72,251.12,257.8,269047
2015-09-07,258.11,260.57,255.96,257.37,210452
2015-09-08,256.75,261.0,254.34,256.77,358635
2015-09-09,256.39,261.08,254.0,257.83,438470
2015-09-10,257.21,260.26,256.95,259.27,360663
2015-09-11,258.7,259.62,255.88,257.64,435419
2015-09-12,259.75,260.67,254.88,255.92,270210
2015-09-13,256.57,261.39,252.48,256.03,143864
2015-09-14,256.87,263.32,250.35,256.5,524543
2015-09-15,256.88,258.34,255.29,257.05,457028
2015-09-16,255.81,257.92,254.42,256.69,158901
2015-09-17,256.99,257.86,255.66,256.5,309742
2015-09-18,257.32,264.06,252.21,256.13,447712
2015-09-19,255.47,257.96,251.92,253.52,200942
2015-09-20,254.26,255.64,249.08,253.42,351025
2015-09-21,253.95,255.8,251.91,253.25,361036
2015-09-22,254.65,255.18,253.49,254.47,233517
2015-09-23,254.15,259.96,249.69,256.11,193690
2015-09-24,255.27,256.72,254.79,255.31,433694
2015-09-25,255.04,263.64,246.93,255.78,271439
2015-09-26,256.89,260.12,250.21,254.78,251633
2015-09-27,253.38,258.31,252.43,256.57,434264
2015-09-28,254.98,257.18,253.17,255.88,430170
2015-09-29,255.95,259.43,254.75,256.5,252204
2015-09-30,256.16,258.61,252.66,255.53,471034
2015-10-01,255.54,262.51,253.61,255.78,407107
2015-10-02,256.5,260.25,251.19,255.28,261545
2015-10-03,254.86,256.16,253.36,255.36,295911
2015-10-04,253.92,263.72,250.3,255.55,415800
2015-10-05,257.12,259.91,252.04,255.26,215495
2015-10-06,254.49,257.49,252.11,254.84,316430
2015-10-07,254.03,255.91,252.2,255.25,387661
2015-10-08,256.09,260.52,253.08,255.58,366444
2015-10-09,255.28,260.93,250.85,256.79,388507
2015-10-10,256.74,257.36,254.31,255.88,361218
2015-10-11,256.25,259.39,248.45,256.77,241994
2015-10-12,257.61,260.77,247.49,254.47,298198
2015-10-13,254.21,257.34,252.73,255.11,357864
2015-10-14,256.28,256.9,253.78,254.08,454997
2015-10-15,252.45,258.79,248.87,255.0,433070
2015-10-16,255.58,258.24,252.31,256.87,320440
2015-10-17,256.23,260.1,252.77,258.08,554609
2015-10-18,259.15,262.2,256.71,259.32,194942
2015-10-19,259.43,265.35,254.17,261.08,251243
2015-10-20,260.55,266.69,257.85,263.53,313959
2015-10-21,264.06,268.23,260.44,265.87,253045
2015-10-22,266.58,268.02,265.69,267.59,437533
2015-10-23,268.1,273.16,265.54,269.42,170573
2015-10-24,268.59,275.26,261.12,271.2,251487
2015-10-25,270.8,282.11,258.2,274.05,288741
2015-10-26,274.04,276.52,273.23,275.7,452960
2015-10-27,275.67,279.8,274.32,276.77,534852
2015-10-28,277.39,279.75,276.43,277.68,537584
2015-10-29,276.0,284.62,272.83,279.62,260935
2015-10-30,279.9,283.44,278.78,282.52,442410
2015-10-31,282.27,287.99,271.55,284.8,171174
2015-11-01,284.08,288.01,282.68,286.26,322935
2015-11-02,285.63,289.05,285.05,288.67,545485
2015-11-03,288.48,291.28,285.66,290.19,397551
2015-11-04,287.06,293.06,285.28,292.46,224744
2015-11-05,291.84,298.63,288.46,293.34,391687
2015-11-06,292.57,297.37,291.2,295.59,273814
2015-11-07,296.06,302.81,294.13,297.98,385211
2015-11-08,297.26,303.22,294.67,300.76,439513
2015-11-09,300.56,305.62,298.23,303.56,355985
2015-11-10,304.97,311.53,294.92,305.76,637363
2015-11-11,306.67,310.15,303.49,307.2,465569
2015-11-12,308.03,309.79,306.47,309.16,574514
2015-11-13,308.7,311.7,307.29,309.98,584861
2015-11-14,310.49,314.07,305.52,312.3,509480
2015-11-15,312.08,316.05,305.77,313.76,451282
2015-11-16,313.58,316.74,312.92,316.19,182691
2015-11-17,316.58,322.07,310.5,318.54,497544
2015-11-18,317.97,325.24,313.71,320.13,408812
2015-11-19,321.56,325.76,319.05,323.89,230990
2015-11-20,323.73,328.03,322.16,324.76,422375
2015-11-21,325.37,330.7,320.77,326.62,569484
2015-11-22,328.05,331.22,323.25,328.05,780702
2015-11-23,329.07,332.4,327.97,331.74,432005
2015-11-24,330.34,336.06,329.59,335.51,488411
2015-11-25,335.96,339.54,330.5,337.32,655716
2015-11-26,338.18,343.8,336.73,338.91,358918
2015-11-27,339.81,342.93,337.24,339.89,268327
2015-11-28,338.75,342.69,337.35,341.7,347173
2015-11-29,341.03,346.46,337.17,343.43,780210
2015-11-30,344.45,349.29,342.36,347.36,288360
2015-12-01,346.56,351.53,343.52,349.5,391440
2015-12-02,349.18,359.45,339.78,351.72,450152
2015-12-03,353.38,354.74,352.2,352.93,726565
2015-12-04,352.88,357.11,351.79,355.8,778497
2015-12-05,355.03,362.56,351.59,358.43,452733
2015-12-06,357.49,361.84,355.16,360.39,770112
2015-12-07,360.75,364.07,358.33,362.66,316309
2015-12-08,361.21,367.22,359.7,365.83,309419
2015-12-09,365.56,373.27,362.11,368.58,778942
2015-12-10,368.95,376.87,356.85,370.4,531033
2015-12-11,371.84,381.54,364.4,372.87,315716
2015-12-12,373.62,383.2,370.82,374.5,501677
2015-12-13,373.7,377.58,372.38,376.13,684536
2015-12-14,377.46,379.04,375.97,377.76,786754
2015-12-15,377.42,386.61,373.3,381.48,836604
2015-12-16,380.06,387.86,377.73,385.7,650433
2015-12-17,385.5,393.71,378.5,390.42,835369
2015-12-18,392.11,399.33,386.93,394.1,553768
2015-12-19,394.3,401.53,391.67,396.28,592169
2015-12-20,396.3,402.63,391.67,397.46,677772
2015-12-21,399.41,401.83,397.5,398.27,517461
2015-12-22,396.56,407.27,394.16,401.09,274405
2015-12-23,399.55,412.73,396.82,403.52,496963
2015-12-24,401.56,408.85,400.81,407.58,640122
2015-12-25,408.03,416.07,403.66,409.49,379431
2015-12-26,409.69,420.29,402.3,413.07,356810
2015-12-27,414.99,421.45,412.84,417.11,458799
2015-12-28,417.42,429.59,407.35,420.67,260231
2015-12-29,420.16,441.98,410.35,423.37,746755
2015-12-30,423.37,430.06,419.75,425.32,422934
2015-12-31,425.47,432.11,422.58,427.87,322947
2016-01-01,425.72,430.85,424.37,430.0,678787
2016-01-02,433.5,439.9,426.82,430.41,799309
2016-01-03,431.09,437.95,424.87,431.55,233744
2016-01-04,431.82,437.76,427.57,431.06,376887
2016-01-05,431.86,433.13,430.84,431.67,867271
2016-01-06,432.59,439.67,428.38,432.7,531318
2016-01-07,432.51,448.53,428.71,435.71,893120
2016-01-08,434.88,445.38,426.7,437.33,442615
2016-01-09,438.12,448.63,428.04,439.75,393990
2016-01-10,440.26,445.48,434.87,437.92,367935
2016-01-11,436.85,443.66,431.13,438.42,294764
2016-01-12,440.29,447.83,433.28,436.87,947820
2016-01-13,437.26,442.49,436.16,440.72,917101
2016-01-14,441.68,446.37,432.67,439.47,869019
2016-01-15,441.31,441.84,438.5,438.96,867610
2016-01-16,438.98,441.78,432.86,436.51,802302
2016-01-17,436.92,440.88,429.16,435.67,677970
2016-01-18,436.73,441.86,430.1,436.61,774245
2016-01-19,435.66,437.52,434.22,437.04,405427
2016-01-20,437.11,450.6,430.18,440.14,509984
2016-01-21,440.3,444.62,434.05,441.7,748649
2016-01-22,440.43,446.17,438.71,445.23,861392
2016-01-23,448.33,449.3,445.17,446.74,678214
2016-01-24,444.85,448.22,439.9,446.33,871927
2016-01-25,444.59,447.09,442.09,443.85,539934
2016-01-26,445.6,448.18,437.48,443.95,706401
2016-01-27,444.9,449.97,439.57,443.74,1018106
2016-01-28,442.37,448.41,438.84,447.39,346950
2016-01-29,448.21,452.39,444.94,448.78,907906
2016-01-30,450.75,453.62,447.2,450.35,664269
2016-01-31,450.31,457.33,438.34,446.99,678515
2016-02-01,450.48,452.71,444.81,447.8,850424
2016-02-02,445.49,462.61,430.37,448.82,588149
2016-02-03,449.75,454.99,446.64,452.76,571791
2016-02-04,454.35,460.93,438.33,450.06,582823
2016-02-05,451.26,452.84,445.1,450.13,246075
2016-02-06,449.86,453.49,445.1,449.37,620934
2016-02-07,448.97,457.97,443.7,451.83,438017
2016-02-08,452.44,462.24,443.65,452.62,906411
2016-02-09,453.73,458.98,449.71,453.95,294799
2016-02-10,454.77,455.74,452.28,453.31,562119
2016-02-11,454.72,465.5,441.47,454.28,874847
2016-02-12,452.89,458.68,450.63,454.34,931153
2016-02-13,454.03,463.19,450.22,456.76,758769
2016-02-14,455.48,462.96,443.17,458.37,656420
2016-02-15,457.84,458.52,457.12,457.58,452986
2016-02-16,458.97,465.66,451.37,455.86,505620
2016-02-17,456.01,460.32,454.9,457.14,319590
2016-02-18,460.71,462.61,457.32,459.44,823086
2016-02-19,459.7,466.11,453.68,460.97,473166
2016-02-20,461.06,462.51,460.02,461.93,705235
2016-02-21,462.07,465.38,459.92,462.31,538684
2016-02-22,461.43,479.01,452.92,465.18,582535
2016-02-23,465.1,476.7,456.74,464.1,695812
2016-02-24,465.67,473.37,459.17,467.0,840047
2016-02-25,467.16,476.64,463.89,468.32,386965
2016-02-26,467.21,471.6,465.3,468.59,528442
2016-02-27,467.29,479.89,463.49,467.96,334388
2016-02-28,467.33,472.56,461.53,467.31,317926
2016-02-29,467.41,476.39,464.25,469.85,706823
2016-03-01,471.53,478.88,463.97,468.22,377765
2016-03-02,466.34,470.45,465.54,468.91,279838
2016-03-03,468.47,478.45,461.63,469.2,876514
2016-03-04,469.4,471.27,468.05,468.91,650457
2016-03-05,466.33,481.88,461.79,467.37,369717
2016-03-06,466.2,470.46,460.37,464.4,296961
2016-03-07,463.45,470.13,459.35,466.77,356314
2016-03-08,465.66,472.53,464.66,469.64,683432
2016-03-09,469.91,477.59,466.46,474.47,744885
2016-03-10,474.24,476.79,472.35,475.53,746079
2016-03-11,474.74,481.29,470.78,477.27,381799
2016-03-12,477.89,483.45,471.22,474.5,730294
2016-03-13,476.95,488.83,462.53,473.05,553458
2016-03-14,475.37,483.39,469.21,471.71,630222
2016-03-15,468.99,483.59,466.24,474.44,897499
2016-03-16,475.26,478.1,474.37,477.09,511247
2016-03-17,476.83,478.14,473.86,475.35,343805
2016-03-18,475.57,484.18,466.4,475.44,891646
2016-03-19,474.87,477.58,472.18,474.58,452386
2016-03-20,474.75,492.32,460.92,478.5,472963
2016-03-21,478.71,484.89,475.99,479.7,782545
2016-03-22,478.87,488.33,475.1,480.8,756579
2016-03-23,479.51,491.53,472.85,480.04,852053
2016-03-24,479.39,486.81,468.62,478.99,398168
2016-03-25,479.33,482.68,472.3,480.7,544401
2016-03-26,481.57,488.55,477.01,483.13,343181
2016-03-27,484.37,490.31,479.11,483.89,670141
2016-03-28,483.17,489.95,475.71,485.24,476848
2016-03-29,485.65,493.1,478.87,484.11,769940
2016-03-30,485.51,488.43,480.75,485.01,243493
2016-03-31,486.7,492.28,474.77,484.93,286527
2016-04-01,484.85,500.85,475.12,484.99,579190
2016-04-02,484.67,495.9,475.98,485.95,966844
2016-04-03,486.23,488.72,476.48,485.29,1050018
2016-04-04,483.62,491.37,482.71,489.62,1030439
2016-04-05,489.33,495.16,483.0,491.01,581511
2016-04-06,492.11,498.84,483.05,492.3,297354
2016-04-07,493.25,499.11,485.69,490.83,480151
2016-04-08,490.43,496.05,486.81,491.32,782004
2016-04-09,491.64,496.75,488.91,492.59,362633
2016-04-10,491.37,496.85,486.51,493.76,502414
2016-04-11,494.8,500.06,490.65,495.52,292989
2016-04-12,495.4,501.48,493.11,495.81,620362
2016-04-13,495.4,497.76,492.49,495.02,412344
2016-04-14,494.48,500.03,485.81,494.42,334082
2016-04-15,494.33,497.44,488.69,492.92,561207
2016-04-16,492.26,498.53,482.13,492.44,561230
2016-04-17,493.41,496.57,491.61,495.14,793052
2016-04-18,494.56,504.34,491.34,500.74,886987
2016-04-19,503.14,505.8,497.12,503.02,340484
2016-04-20,505.23,512.67,499.74,502.72,881115
2016-04-21,501.38,511.59,493.32,501.74,323391
2016-04-22,501.84,511.87,497.31,506.62,622338
2016-04-23,505.64,509.28,503.69,508.01,705534
2016-04-24,507.51,509.82,502.33,508.15,1154122
2016-04-25,511.2,517.7,495.2,503.74,759915
2016-04-26,503.28,508.96,498.28,501.01,386128
2016-04-27,501.55,507.52,497.42,502.12,664895
2016-04-28,502.93,511.24,498.22,503.06,570406
2016-04-29,501.55,505.9,499.29,503.98,623578
2016-04-30,502.69,504.79,501.91,503.61,405202
2016-05-01,501.78,509.64,496.86,503.89,746384
2016-05-02,502.55,513.32,498.61,508.52,407124
2016-05-03,504.17,511.82,502.84,511.17,893290
2016-05-04,512.01,517.84,509.71,513.25,726107
2016-05-05,516.41,526.99,505.69,513.69,321382
2016-05-06,513.92,518.21,506.55,513.36,955990
2016-05-07,511.18,522.2,503.52,512.97,752467
2016-05-08,511.99,523.85,495.69,513.74,525811
2016-05-09,513.03,520.85,507.1,515.04,298261
2016-05-10,513.47,522.73,509.87,515.52,790010
2016-05-11,516.85,520.28,510.84,514.02,568470
2016-05-12,515.27,517.76,511.53,512.91,964524
2016-05-13,511.14,514.69,506.81,513.18,307105
2016-05-14,514.29,517.56,510.49,515.32,336094
2016-05-15,517.68,525.39,513.9,519.63,1026483
2016-05-16,522.6,543.8,504.17,520.33,1022718
2016-05-17,524.8,527.59,517.72,520.57,310210
2016-05-18,519.16,524.83,515.64,517.96,874993
2016-05-19,522.35,529.23,515.94,519.86,445728
2016-05-20,519.31,522.36,516.21,519.07,819224
2016-05-21,518.15,527.86,508.58,519.51,987656
2016-05-22,520.02,536.57,515.21,520.92,344538
2016-05-23,520.01,527.54,513.28,521.33,485142
2016-05-24,521.95,526.22,516.06,523.53,287011
2016-05-25,521.46,527.4,517.55,524.12,313477
2016-05-26,523.74,533.45,511.5,525.62,295136
2016-05-27,527.65,528.46,522.98,524.79,893746
2016-05-28,524.7,530.32,521.74,524.83,535716
2016-05-29,525.05,537.33,521.13,526.86,717334
2016-05-30,527.61,535.34,524.46,529.44,897053
2016-05-31,531.3,532.35,527.68,529.64,666968
2016-06-01,527.01,532.18,526.11,530.0,862092
2016-06-02,530.93,541.88,528.86,541.19,390099
2016-06-03,540.75,557.72,535.28,551.83,1082794
2016-06-04,552.1,568.25,548.49,564.28,525942
2016-06-05,566.07,578.91,556.89,574.34,1459829
2016-06-06,572.28,597.57,567.16,589.94,712360
2016-06-07,588.15,602.09,586.69,600.61,1243838
2016-06-08,597.13,613.94,595.92,611.74,1183438
2016-06-09,610.73,625.4,604.04,621.42,1301780
2016-06-10,623.9,639.04,619.79,636.03,878680
2016-06-11,635.8,664.68,628.64,653.02,861930
2016-06-12,650.39,669.85,646.85,668.22,1749286
2016-06-13,667.24,688.79,664.03,683.54,472266
2016-06-14,680.49,703.72,668.53,694.85,789597
2016-06-15,692.5,725.25,677.14,711.22,1343092
2016-06-16,712.05,727.87,706.24,723.11,1846978
2016-06-17,720.57,750.78,707.01,740.48,1173381
2016-06-18,742.95,762.9,739.54,760.0,1335790
2016-06-19,759.84,763.01,745.27,752.88,1107683
2016-06-20,753.07,768.57,732.8,749.06,477011
2016-06-21,748.43,754.09,735.36,746.55,1177178
2016-06-22,748.28,756.73,727.37,742.79,1347262
2016-06-23,744.53,745.61,738.31,740.78,1798251
2016-06-24,741.53,749.55,719.34,732.61,422676
2016-06-25,733.85,753.44,717.98,730.43,1180492
2016-06-26,729.96,737.93,719.95,727.33,963920
2016-06-27,728.52,732.25,712.26,720.74,437946
2016-06-28,720.01,723.75,711.19,714.23,1175411
2016-06-29,714.24,715.57,707.26,708.6,485231
2016-06-30,708.02,726.63,690.03,708.54,799445
2016-07-01,707.57,709.56,704.51,706.54,739544
2016-07-02,705.07,715.5,695.09,700.41,802872
2016-07-03,701.39,702.35,695.23,696.9,985176
2016-07-04,699.64,700.78,689.78,691.99,737881
2016-07-05,694.42,703.16,670.97,691.07,1016238
2016-07-06,688.46,690.91,682.03,687.39,642973
2016-07-07,690.05,707.44,670.42,684.29,1186337
2016-07-08,683.64,689.79,672.19,677.68,1389665
2016-07-09,678.9,682.52,670.93,672.55,648355
2016-07-10,670.72,676.52,660.99,667.4,904987
2016-07-11,667.68,669.82,659.9,664.91,1088590
2016-07-12,665.54,673.32,651.55,661.2,960797
2016-07-13,658.26,668.15,652.79,658.6,711942
2016-07-14,659.8,661.07,655.53,657.58,1010749
2016-07-15,660.23,666.83,651.26,655.92,407458
2016-07-16,655.58,668.8,633.7,651.15,795517
2016-07-17,653.81,658.25,637.75,646.0,988676
2016-07-18,645.64,655.07,634.68,640.25,407797
2016-07-19,641.88,654.15,621.82,633.85,978926
2016-07-20,629.63,639.44,615.29,626.75,1102386
2016-07-21,631.29,639.99,610.99,620.87,1048768
2016-07-22,623.66,625.25,617.62,619.92,441828
2016-07-23,619.39,623.09,614.78,617.95,1303685
2016-07-24,614.29,634.58,602.3,619.87,944319
2016-07-25,620.41,621.77,616.21,617.36,726650
2016-07-26,614.69,626.1,604.37,613.46,619987
2016-07-27,614.28,620.88,603.37,608.65,1026369
2016-07-28,609.4,612.12,598.97,601.33,1196940
2016-07-29,599.63,612.44,588.08,598.56,856871
2016-07-30,600.57,606.25,588.1,595.03,957446
2016-07-31,596.47,601.89,578.49,592.7,670441
2016-08-01,594.44,598.23,587.25,590.0,645612
2016-08-02,590.02,596.34,583.5,590.33,583786
2016-08-03,587.82,600.19,576.8,592.22,936440
2016-08-04,593.96,605.13,584.98,591.79,681027
2016-08-05,591.31,599.48,588.53,594.98,486795
2016-08-06,592.5,598.56,590.51,596.2,633663
2016-08-07,598.61,608.47,581.19,595.95,1194072
2016-08-08,599.7,607.42,585.79,592.22,990579
2016-08-09,592.14,595.96,585.81,591.02,615906
2016-08-10,594.84,595.52,589.84,592.2,1111426
2016-08-11,592.36,594.69,590.42,591.94,383099
2016-08-12,591.26,595.85,586.42,593.63,359670
2016-08-13,592.5,595.56,588.73,592.01,441051
2016-08-14,594.92,599.86,591.73,594.31,410616
2016-08-15,592.92,597.21,591.88,595.03,408569
2016-08-16,596.34,604.18,592.41,597.61,925961
2016-08-17,596.61,603.85,590.72,596.46,851882
2016-08-18,595.64,615.04,587.03,595.89,955432
2016-08-19,597.73,599.51,591.37,593.22,922065
2016-08-20,592.54,609.28,582.52,593.64,1012861
2016-08-21,592.92,607.41,581.56,594.93,529594
2016-08-22,596.95,600.92,594.16,597.84,868083
2016-08-23,600.71,609.67,590.63,597.45,847675
2016-08-24,598.61,603.18,594.42,598.52,1193345
2016-08-25,597.34,604.54,587.15,599.74,548534
2016-08-26,598.82,613.08,587.71,602.07,375804
2016-08-27,602.22,615.63,594.15,603.92,979157
2016-08-28,604.5,612.05,589.84,601.04,1037372
2016-08-29,599.26,604.07,593.29,598.89,648614
2016-08-30,600.18,601.69,592.76,593.76,905812
2016-08-31,593.91,601.72,589.42,597.47,389468
2016-09-01,594.39,617.42,585.13,600.64,1278687
2016-09-02,598.96,605.01,597.94,603.56,421289
2016-09-03,602.65,603.91,600.65,602.06,390258
2016-09-04,601.93,611.36,595.04,599.71,385869
2016-09-05,603.11,604.96,601.08,603.8,691222
2016-09-06,604.24,605.84,602.08,603.91,418358
2016-09-07,602.38,608.35,598.89,606.11,1053489
2016-09-08,606.51,608.56,602.46,603.83,1147926
2016-09-09,603.2,606.87,602.53,604.7,547348
2016-09-10,605.29,620.07,598.47,605.2,929976
2016-09-11,606.25,608.12,602.54,603.24,343484
2016-09-12,605.43,606.32,602.28,603.56,713048
2016-09-13,603.51,608.38,600.43,606.39,636914
2016-09-14,609.38,616.85,598.3,609.97,548679
2016-09-15,611.64,616.67,603.88,612.02,995251
2016-09-16,610.72,613.46,604.72,608.7,467927
2016-09-17,612.74,617.22,600.92,605.49,1165676
2016-09-18,606.08,607.53,602.04,603.22,938687
2016-09-19,601.71,615.37,591.43,604.41,1055850
2016-09-20,607.41,618.15,598.9,607.9,1234685
2016-09-21,611.69,613.91,601.13,605.85,1257648
2016-09-22,605.79,622.77,596.77,608.42,849353
2016-09-23,607.5,609.53,604.92,606.85,810443
2016-09-24,606.54,625.5,591.35,609.11,681740
2016-09-25,610.41,616.11,596.37,605.58,1013592
2016-09-26,607.9,612.08,598.96,603.65,847213
2016-09-27,604.68,612.17,600.36,605.87,1225885
2016-09-28,606.05,611.55,598.85,607.85,536721
2016-09-29,610.58,626.03,595.5,608.73,643344
2016-09-30,608.16,609.15,604.97,605.85,671025
2016-10-01,607.72,613.23,604.18,610.0,1148646
2016-10-02,609.47,623.69,601.29,613.11,458082
2016-10-03,613.9,622.56,612.15,617.77,761333
2016-10-04,617.56,631.63,606.96,619.04,709332
2016-10-05,618.94,636.37,604.37,619.16,414979
2016-10-06,618.46,625.11,612.6,622.24,722331
2016-10-07,624.75,634.25,615.49,623.48,878601
2016-10-08,622.11,629.11,621.39,626.9,412890
2016-10-09,625.5,643.38,614.63,630.09,1013021
2016-10-10,634.1,644.48,625.23,638.64,1480643
2016-10-11,640.51,654.0,626.77,644.89,1482944
2016-10-12,640.27,652.21,635.22,650.31,887229
2016-10-13,649.21,653.69,647.17,651.99,869618
2016-10-14,648.44,655.57,639.28,650.42,708058
2016-10-15,648.57,659.86,646.46,656.04,1461643
2016-10-16,649.86,665.78,645.6,659.86,695345
2016-10-17,659.59,674.86,647.18,665.01,807959
2016-10-18,662.74,671.59,653.11,664.01,370728
2016-10-19,664.13,691.4,645.13,667.56,746332
2016-10-20,664.3,676.92,649.53,670.63,436625
2016-10-21,670.79,677.68,667.67,673.05,1155460
2016-10-22,672.22,679.32,663.48,675.16,1001312
2016-10-23,678.2,681.63,674.45,678.72,1015383
2016-10-24,681.59,683.22,680.58,682.16,692331
2016-10-25,683.77,687.95,682.57,685.28,1306479
2016-10-26,684.61,692.49,678.79,688.95,387653
2016-10-27,693.05,695.93,690.3,692.89,839854
2016-10-28,689.66,707.69,679.93,700.22,1082602
2016-10-29,697.27,701.31,693.41,698.88,1519443
2016-10-30,698.71,707.01,697.0,704.74,652596
2016-10-31,709.51,716.91,697.29,707.81,1048119
2016-11-01,707.38,727.12,695.39,712.37,957106
2016-11-02,711.98,718.39,706.55,713.37,1316383
2016-11-03,710.28,718.44,706.3,714.04,465970
2016-11-04,716.06,732.43,700.51,718.8,880851
2016-11-05,720.86,738.44,710.92,721.61,593371
2016-11-06,723.31,731.41,713.49,723.87,485237
2016-11-07,722.51,737.16,719.88,733.26,626725
2016-11-08,731.7,745.71,724.16,740.09,1773900
2016-11-09,737.21,767.65,727.88,748.23,644895
2016-11-10,748.41,754.96,743.35,750.03,1432059
2016-11-11,747.6,762.08,723.32,749.89,611801
2016-11-12,747.25,753.73,743.94,750.26,1548797
2016-11-13,749.31,757.88,738.97,753.57,1223100
2016-11-14,752.47,760.39,747.15,757.16,589428
2016-11-15,755.94,769.05,742.66,763.3,1114229
2016-11-16,764.37,768.47,762.98,765.72,855412
2016-11-17,765.9,778.43,762.44,771.18,911528
2016-11-18,770.51,775.83,767.75,775.02,1020031
2016-11-19,775.45,789.25,770.0,780.23,973849
2016-11-20,777.91,799.05,772.42,784.15,1316892
2016-11-21,784.4,806.49,767.58,788.96,1334315
2016-11-22,789.31,796.07,784.45,789.88,901963
2016-11-23,786.32,816.97,768.45,795.77,1608560
2016-11-24,798.14,808.03,789.02,798.61,1734849
2016-11-25,796.5,806.58,791.78,804.15,489665
2016-11-26,804.37,811.8,797.13,807.58,424996
2016-11-27,810.4,820.71,800.5,807.88,1067928
2016-11-28,810.13,816.31,805.51,814.43,1212580
2016-11-29,814.51,827.41,804.85,817.45,851825
2016-11-30,816.56,826.48,813.05,823.03,809484
2016-12-01,825.37,833.4,821.39,827.4,1348279
2016-12-02,829.08,832.72,824.45,830.46,1229351
2016-12-03,828.91,835.92,826.97,832.76,644294
2016-12-04,830.77,845.08,817.02,831.48,1770852
2016-12-05,826.31,845.96,814.54,838.38,1409827
2016-12-06,838.77,852.33,826.98,842.84,1114719
2016-12-07,842.63,869.76,830.38,854.09,1348072
2016-12-08,857.0,872.55,837.83,852.61,713005
2016-12-09,853.53,867.55,848.86,863.27,1061322
2016-12-10,866.72,878.24,847.48,864.24,781367
2016-12-11,862.43,876.15,859.34,872.88,496770
2016-12-12,875.86,878.66,868.84,872.34,974990
2016-12-13,870.95,879.77,868.28,877.11,702392
2016-12-14,879.15,897.97,861.12,881.62,1512454
2016-12-15,877.76,912.72,858.84,889.68,1459482
2016-12-16,890.31,912.02,880.88,893.49,716676
2016-12-17,888.17,923.71,881.11,898.38,495058
2016-12-18,897.66,901.24,893.46,899.56,1658303
2016-12-19,900.75,910.42,894.44,903.67,503642
2016-12-20,902.25,918.52,891.9,908.54,952824
2016-12-21,905.67,925.63,898.29,910.01,1169820
2016-12-22,912.32,921.36,899.62,911.61,1767094
2016-12-23,911.32,920.25,908.24,917.16,1926044
2016-12-24,915.81,945.16,902.59,926.08,1703081
2016-12-25,926.2,955.74,908.03,933.42,864455
2016-12-26,940.81,943.92,932.61,936.39,1640746
2016-12-27,939.63,954.68,932.04,941.48,886095
2016-12-28,944.77,947.97,941.18,945.34,823545
2016-12-29,946.58,959.5,938.88,948.18,1367819
2016-12-30,948.65,962.56,933.78,952.55,1672410
2016-12-31,945.7,967.5,924.87,960.0,585854
2017-01-01,958.04,973.14,940.06,962.54,581174
2017-01-02,961.15,965.64,954.59,961.42,1889921
2017-01-03,956.01,977.3,950.51,969.72,1865112
2017-01-04,966.35,976.76,956.38,973.36,1602275
2017-01-05,967.57,1013.28,940.6,981.64,1200124
2017-01-06,981.53,986.75,978.08,985.05,1970841
2017-01-07,987.47,1003.82,979.45,991.53,1753202
2017-01-08,994.82,1014.57,968.55,996.98,1460087
2017-01-09,998.22,1001.27,989.93,993.51,1046780
2017-01-10,990.64,993.94,986.14,989.76,797008
2017-01-11,984.02,1005.82,977.84,989.25,1300696
2017-01-12,984.03,1001.17,981.58,997.44,1078264
2017-01-13,993.64,1017.78,977.01,1005.53,1082082
2017-01-14,1002.84,1017.04,996.44,1008.88,1387253
2017-01-15,1008.39,1014.36,1005.42,1012.9,769425
2017-01-16,1009.82,1020.7,1000.25,1013.3,1866152
2017-01-17,1014.33,1034.62,1008.34,1017.23,736570
2017-01-18,1016.52,1019.29,1011.22,1016.82,1320651
2017-01-19,1016.85,1025.32,1011.79,1020.03,1708552
2017-01-20,1023.52,1038.17,1005.34,1021.8,1371377
2017-01-21,1018.18,1042.47,1003.46,1026.57,1252215
2017-01-22,1027.86,1043.18,1022.53,1035.35,1370572
2017-01-23,1035.31,1052.33,1030.63,1040.11,2311795
2017-01-24,1039.07,1062.56,1022.38,1053.3,2182722
2017-01-25,1056.1,1059.92,1052.52,1055.6,1723719
2017-01-26,1058.38,1080.14,1045.9,1062.39,1979995
2017-01-27,1059.38,1069.42,1047.01,1056.94,596718
2017-01-28,1056.36,1076.77,1046.93,1061.28,1997016
2017-01-29,1062.17,1067.95,1055.46,1063.06,2301191
2017-01-30,1062.19,1075.93,1055.05,1069.49,1698310
2017-01-31,1071.37,1083.06,1068.37,1078.33,1926893
2017-02-01,1079.24,1091.86,1070.55,1083.49,1544672
2017-02-02,1089.45,1096.41,1072.82,1090.17,1105664
2017-02-03,1085.17,1107.67,1054.53,1085.19,2074204
2017-02-04,1084.8,1099.05,1078.34,1089.25,1676219
2017-02-05,1086.28,1104.98,1078.41,1094.86,1612179
2017-02-06,1096.84,1130.66,1071.11,1098.99,1905428
2017-02-07,1093.66,1127.75,1072.9,1108.04,2013216
2017-02-08,1109.19,1127.53,1082.06,1109.06,1904958
2017-02-09,1106.97,1125.86,1085.46,1113.22,920600
2017-02-10,1110.77,1117.62,1108.35,1113.92,1450624
2017-02-11,1109.09,1122.26,1105.57,1118.65,2493523
2017-02-12,1117.09,1128.94,1114.06,1126.0,1557387
2017-02-13,1129.66,1145.21,1115.51,1123.83,2172251
2017-02-14,1123.74,1155.34,1101.47,1123.08,1986119
2017-02-15,1125.19,1154.5,1089.23,1124.66,1933587
2017-02-16,1130.27,1148.38,1120.1,1132.92,1321964
2017-02-17,1133.81,1165.5,1112.87,1140.82,1192721
2017-02-18,1138.9,1153.95,1132.3,1146.13,1693579
2017-02-19,1147.73,1150.86,1144.44,1146.62,1395865
2017-02-20,1144.74,1176.48,1116.2,1150.04,2135418
2017-02-21,1148.3,1166.76,1138.15,1155.41,2212319
2017-02-22,1150.14,1172.92,1139.07,1165.06,1248596
2017-02-23,1168.3,1184.71,1159.46,1171.29,1971246
2017-02-24,1169.93,1194.8,1154.77,1176.14,1557944
2017-02-25,1176.79,1216.17,1159.02,1180.07,1178620
2017-02-26,1176.4,1212.81,1153.51,1180.89,1392123
2017-02-27,1182.44,1195.21,1163.28,1177.76,2323103
2017-02-28,1175.07,1192.88,1166.15,1181.9,1396762
2017-03-01,1181.39,1198.0,1159.54,1190.0,1342482
2017-03-02,1193.13,1211.0,1184.01,1202.59,1334669
2017-03-03,1205.44,1221.56,1190.16,1207.4,1092503
2017-03-04,1207.32,1217.71,1205.94,1213.49,1926012
2017-03-05,1207.05,1252.41,1175.96,1225.94,1085850
2017-03-06,1236.94,1244.78,1235.08,1239.92,2685666
2017-03-07,1246.42,1266.48,1223.46,1255.72,1172926
2017-03-08,1258.44,1267.43,1253.95,1262.89,2062958
2017-03-09,1260.03,1291.62,1245.62,1273.57,1032101
2017-03-10,1273.14,1293.56,1257.13,1284.95,2878102
2017-03-11,1282.86,1297.42,1278.2,1293.84,1787706
2017-03-12,1298.75,1320.78,1284.31,1304.78,2476950
2017-03-13,1305.81,1317.95,1299.23,1310.99,2535121
2017-03-14,1307.91,1340.47,1287.93,1322.13,2378210
2017-03-15,1320.26,1337.34,1300.35,1331.73,2782982
2017-03-16,1336.21,1362.97,1314.89,1345.07,1018344
2017-03-17,1351.53,1359.13,1348.87,1356.07,2561993
2017-03-18,1362.28,1375.74,1357.56,1372.67,1368787
2017-03-19,1375.78,1387.15,1369.68,1380.18,2735209
2017-03-20,1379.14,1409.43,1362.91,1392.64,2911997
2017-03-21,1379.09,1425.77,1358.04,1398.24,3325751
2017-03-22,1399.48,1421.24,1392.89,1418.1,1130064
2017-03-23,1418.09,1457.34,1404.28,1431.23,1871245
2017-03-24,1431.83,1459.59,1424.06,1448.41,1543690
2017-03-25,1448.64,1453.93,1444.48,1449.74,1158563
2017-03-26,1443.97,1467.62,1440.94,1462.01,1096244
2017-03-27,1464.46,1477.08,1462.71,1473.61,1976430
2017-03-28,1476.4,1495.47,1474.56,1491.65,3576586
2017-03-29,1494.71,1534.11,1483.92,1507.02,2233266
2017-03-30,1511.3,1525.78,1493.5,1514.17,2674244
2017-03-31,1516.92,1556.23,1493.74,1531.8,2269577
2017-04-01,1529.91,1570.93,1518.82,1549.26,2715337
2017-04-02,1548.93,1579.59,1532.78,1562.7,3242897
2017-04-03,1563.13,1599.1,1545.99,1568.36,2436278
2017-04-04,1568.87,1587.14,1552.61,1578.02,1191814
2017-04-05,1582.75,1602.07,1578.68,1598.84,2302203
2017-04-06,1601.93,1631.12,1573.85,1611.78,3435309
2017-04-07,1621.83,1627.93,1609.75,1617.55,1874861
2017-04-08,1628.25,1631.31,1616.39,1623.38,2538633
2017-04-09,1623.77,1648.98,1605.6,1633.47,1229622
2017-04-10,1614.67,1652.0,1607.26,1644.96,1322294
2017-04-11,1651.06,1670.88,1633.68,1655.6,3584493
2017-04-12,1652.92,1689.34,1643.14,1671.73,1923268
2017-04-13,1667.71,1723.11,1640.62,1689.31,1988155
2017-04-14,1687.29,1714.8,1680.28,1708.59,2369217
2017-04-15,1706.3,1742.43,1689.68,1732.77,3774425
2017-04-16,1735.95,1787.07,1713.9,1742.92,1314436
2017-04-17,1734.77,1791.49,1704.04,1760.66,3276928
2017-04-18,1754.97,1826.14,1734.09,1767.44,2171500
2017-04-19,1769.26,1807.72,1730.66,1786.32,3645159
2017-04-20,1789.66,1831.9,1762.36,1799.73,4006416
2017-04-21,1803.2,1817.02,1797.23,1810.53,2199511
2017-04-22,1806.25,1856.39,1765.46,1827.51,1446089
2017-04-23,1822.14,1861.87,1807.48,1840.31,1644863
2017-04-24,1837.51,1875.15,1826.4,1863.07,3543411
2017-04-25,1864.41,1907.91,1853.05,1878.07,1726514
2017-04-26,1886.44,1928.63,1857.42,1904.5,1880840
2017-04-27,1892.8,1943.59,1871.12,1914.87,1736727
2017-04-28,1913.6,1930.38,1909.55,1926.78,2013553
2017-04-29,1919.08,1964.72,1875.06,1927.85,1379279
2017-04-30,1918.3,1957.2,1912.52,1944.23,4027309
2017-05-01,1949.87,1970.11,1923.51,1959.82,4411292
2017-05-02,1963.02,2003.61,1940.76,1985.04,2812246
2017-05-03,1987.71,2026.49,1962.89,2011.4,3334788
2017-05-04,2016.96,2045.94,1974.02,2028.41,3157610
2017-05-05,2025.49,2039.5,2022.39,2034.91,3694233
2017-05-06,2032.27,2078.77,1963.26,2046.91,3059220
2017-05-07,2060.33,2070.75,2054.81,2063.97,3238181
2017-05-08,2062.44,2098.63,2045.29,2088.71,3482300
2017-05-09,2093.31,2139.19,2059.86,2104.61,3655305
2017-05-10,2104.65,2157.41,2064.01,2116.94,2616935
2017-05-11,2105.2,2161.69,2095.43,2139.37,2654263
2017-05-12,2126.25,2174.56,2103.88,2165.71,2373035
2017-05-13,2161.95,2232.02,2122.77,2188.59,3094243
2017-05-14,2195.52,2218.29,2169.5,2196.08,2489490
2017-05-15,2201.27,2225.83,2181.72,2205.93,3508162
2017-05-16,2211.98,2279.72,2156.94,2229.49,3012831
2017-05-17,2222.89,2277.73,2206.26,2253.85,4956005
2017-05-18,2264.78,2289.23,2257.68,2282.35,1586324
2017-05-19,2275.74,2319.07,2249.37,2298.32,3410410
2017-05-20,2299.79,2325.11,2290.37,2308.94,3161990
2017-05-21,2308.87,2312.22,2303.32,2308.44,2825130
2017-05-22,2307.23,2351.65,2267.91,2324.34,3167543
2017-05-23,2333.68,2354.97,2321.68,2348.09,5295248
2017-05-24,2343.13,2441.09,2324.66,2386.41,2448167
2017-05-25,2376.75,2409.03,2368.94,2400.0,4375166
2017-05-26,2400.14,2468.42,2318.41,2398.95,5193129
2017-05-27,2396.07,2405.73,2368.12,2378.12,3515110
2017-05-28,2402.22,2428.82,2337.19,2378.3,4070011
2017-05-29,2383.12,2404.48,2364.35,2382.02,3750478
2017-05-30,2379.1,2389.68,2356.18,2369.01,3560596
2017-05-31,2361.51,2391.86,2299.31,2349.23,5301829
2017-06-01,2335.98,2343.22,2324.34,2330.75,2203478
2017-06-02,2323.58,2356.85,2256.79,2328.05,1758520
2017-06-03,2328.85,2341.53,2307.17,2331.89,2402903
2017-06-04,2341.87,2358.87,2309.45,2319.47,3744787
2017-06-05,2327.27,2338.53,2291.01,2303.76,2053577
2017-06-06,2305.34,2352.12,2257.1,2286.93,4506091
2017-06-07,2284.71,2300.14,2267.32,2280.36,2609301
2017-06-08,2282.2,2295.17,2263.3,2277.53,4397420
2017-06-09,2273.98,2285.87,2243.13,2267.53,2151389
2017-06-10,2279.22,2282.57,2249.89,2257.81,2334624
2017-06-11,2256.52,2293.02,2172.59,2250.32,1378128
2017-06-12,2249.74,2260.6,2234.2,2245.82,2199247
2017-06-13,2230.89,2250.02,2186.81,2234.09,3174399
2017-06-14,2232.78,2265.99,2205.29,2217.33,4872848
2017-06-15,2222.89,2231.67,2192.51,2201.24,2517932
2017-06-16,2194.19,2218.1,2174.55,2195.09,3575592
2017-06-17,2190.15,2204.54,2137.68,2182.36,2672171
2017-06-18,2187.55,2210.83,2158.5,2174.44,1442120
2017-06-19,2164.81,2194.97,2093.83,2156.71,2819661
2017-06-20,2163.55,2194.15,2117.89,2152.23,1338273
2017-06-21,2148.79,2187.13,2098.04,2148.11,4135317
2017-06-22,2145.6,2152.96,2131.88,2142.25,3779861
2017-06-23,2135.03,2141.28,2129.34,2133.39,2767313
2017-06-24,2135.81,2144.92,2097.8,2110.5,3254580
2017-06-25,2126.07,2154.35,2066.02,2104.59,1481596
2017-06-26,2109.52,2151.17,2068.72,2098.93,3563197
2017-06-27,2093.48,2128.59,2080.35,2108.64,4154114
2017-06-28,2115.82,2147.73,2066.33,2094.29,4009133
2017-06-29,2092.3,2116.57,2051.74,2083.31,2274940
2017-06-30,2091.9,2116.87,2049.6,2064.7,1868483
2017-07-01,2069.69,2096.14,2030.65,2065.77,2911523
2017-07-02,2047.53,2081.21,2013.76,2055.52,4341326
2017-07-03,2049.33,2085.27,1983.89,2047.07,4357803
2017-07-04,2052.87,2075.74,2007.14,2033.57,2260956
2017-07-05,2034.5,2073.55,1981.75,2026.5,3788896
2017-07-06,2020.27,2064.95,1980.48,2014.36,4186173
2017-07-07,2010.53,2070.19,1976.27,2003.86,1856666
2017-07-08,1992.4,2003.94,1986.04,1999.91,3883488
2017-07-09,1999.38,2010.13,1980.94,1988.66,1948944
2017-07-10,2001.85,2018.61,1959.32,1980.04,2354782
2017-07-11,1984.82,2015.99,1940.86,1963.04,1609687
2017-07-12,1975.94,2003.68,1938.84,1965.71,2889223
2017-07-13,1970.92,1978.11,1939.29,1949.4,3704250
2017-07-14,1955.41,1987.29,1931.55,1941.94,2821092
2017-07-15,1953.44,1966.3,1921.66,1929.86,1324140
2017-07-16,1932.05,1953.47,1868.04,1930.0,2534711
2017-07-17,1928.92,1984.59,1922.42,1977.9,3597280
2017-07-18,1984.03,2029.88,1963.01,2012.8,3919785
2017-07-19,2021.58,2063.64,1997.03,2054.72,3731384
2017-07-20,2051.77,2150.69,2025.73,2088.63,1692801
2017-07-21,2084.11,2132.7,2054.33,2121.71,4591038
2017-07-22,2122.6,2176.2,2103.27,2156.41,5823697
2017-07-23,2161.79,2223.93,2138.25,2204.79,4076148
2017-07-24,2210.07,2266.89,2200.66,2255.57,5034037
2017-07-25,2245.93,2359.62,2196.22,2302.27,6196510
2017-07-26,2315.47,2357.31,2303.27,2352.75,4903811
2017-07-27,2348.22,2453.46,2324.71,2402.6,4718258
2017-07-28,2400.69,2463.24,2365.29,2438.55,5526718
2017-07-29,2431.95,2545.08,2380.32,2491.29,3245363
2017-07-30,2511.45,2564.92,2497.93,2548.89,5115894
2017-07-31,2550.74,2624.83,2537.67,2607.61,6667766
2017-08-01,2600.95,2734.46,2553.44,2666.31,3305369
2017-08-02,2673.22,2748.38,2658.4,2708.02,6636867
2017-08-03,2714.27,2758.36,2704.22,2752.4,5006045
2017-08-04,2750.85,2806.43,2728.04,2789.75,4598968
2017-08-05,2796.79,2901.57,2774.82,2852.9,6102430
2017-08-06,2845.84,2992.08,2804.32,2922.92,4588229
2017-08-07,2918.6,2992.48,2899.63,2984.8,7450907
2017-08-08,2966.8,3078.73,2911.36,3047.59,4937983
2017-08-09,3035.49,3154.42,2970.34,3097.01,8525516
2017-08-10,3113.81,3179.63,3102.29,3172.35,5529887
2017-08-11,3187.98,3245.6,3178.33,3232.36,7331079
2017-08-12,3233.0,3349.98,3178.57,3316.66,8902438
2017-08-13,3333.21,3434.8,3255.15,3373.76,3470770
2017-08-14,3372.14,3506.4,3340.63,3445.95,7591538
2017-08-15,3443.44,3539.05,3418.45,3510.14,3495146
2017-08-16,3510.73,3628.9,3442.5,3581.35,8878382
2017-08-17,3580.01,3686.92,3517.18,3654.76,7335898
2017-08-18,3652.4,3772.27,3594.79,3735.02,9884832
2017-08-19,3747.83,3817.59,3743.82,3807.4,9615085
2017-08-20,3809.12,3924.14,3787.99,3884.28,3158942
2017-08-21,3892.58,3954.4,3883.55,3948.02,4080212
2017-08-22,3960.23,4080.89,3936.02,4039.6,7530588
2017-08-23,4044.31,4149.31,4000.96,4106.24,7853110
2017-08-24,4094.28,4252.27,4062.5,4208.29,4198105
2017-08-25,4191.21,4312.65,4126.15,4276.69,4042653
2017-08-26,4278.6,4455.61,4186.02,4354.1,7708346
2017-08-27,4351.86,4480.11,4252.78,4422.74,3468557
2017-08-28,4423.9,4658.78,4274.88,4504.07,12368031
2017-08-29,4503.85,4653.69,4485.68,4620.41,10754294
2017-08-30,4656.22,4722.44,4643.54,4703.73,11148330
2017-08-31,4684.96,4875.95,4654.01,4800.72,3555994
2017-09-01,4772.06,4923.44,4741.93,4900.0,4856249
2017-09-02,4904.89,4973.2,4634.08,4720.1,10600120
2017-09-03,4714.77,4752.17,4514.44,4556.03,14379450
2017-09-04,4560.35,4601.29,4396.26,4422.84,6905700
2017-09-05,4430.58,4474.59,4273.82,4303.28,6313459
2017-09-06,4319.86,4400.99,4162.7,4207.92,4432632
2017-09-07,4188.89,4239.02,4065.23,4102.34,10436533
2017-09-08,4095.49,4108.48,3953.41,3962.22,9551667
2017-09-09,3967.31,4080.27,3756.25,3835.44,4051851
2017-09-10,3844.31,3860.02,3702.02,3716.48,7181595
2017-09-11,3740.94,3760.52,3580.48,3603.35,8241418
2017-09-12,3613.68,3642.52,3471.93,3508.92,6775000
2017-09-13,3508.32,3512.97,3405.58,3411.24,8012826
2017-09-14,3402.13,3460.86,3294.88,3316.75,9745850
2017-09-15,3311.13,3315.85,3193.46,3200.0,6445885
2017-09-16,3194.31,3277.11,3119.81,3250.83,5669865
2017-09-17,3257.22,3293.03,3244.28,3287.34,7626228
2017-09-18,3289.88,3370.78,3220.94,3337.15,7855251
2017-09-19,3323.9,3426.39,3295.09,3382.49,5019557
2017-09-20,3378.07,3506.2,3339.34,3445.04,3442962
2017-09-21,3454.11,3541.13,3394.56,3499.34,8721163
2017-09-22,3503.03,3595.93,3460.21,3576.9,4110988
2017-09-23,3583.0,3658.49,3563.68,3648.53,8995928
2017-09-24,3652.72,3750.84,3581.42,3703.66,2483166
2017-09-25,3721.73,3779.04,3710.94,3750.85,9568108
2017-09-26,3753.5,3826.7,3738.84,3817.52,7358914
2017-09-27,3813.1,3976.61,3775.61,3892.54,8351902
2017-09-28,3881.85,3971.73,3872.01,3949.16,5259673
2017-09-29,3952.11,4002.9,3938.56,3991.27,10355963
2017-09-30,3962.04,4064.87,3955.19,4052.22,4547587
2017-10-01,4049.98,4136.46,4010.55,4119.87,5154004
2017-10-02,4117.33,4249.64,4101.38,4201.33,3185524
2017-10-03,4184.13,4303.9,4164.0,4267.23,11009470
2017-10-04,4255.35,4446.01,4182.01,4341.97,6397611
2017-10-05,4352.51,4425.72,4292.66,4395.03,8983526
2017-10-06,4398.07,4523.18,4375.61,4472.3,8722107
2017-10-07,4473.66,4553.57,4435.83,4533.5,11909385
2017-10-08,4537.67,4728.91,4481.58,4635.5,8435362
2017-10-09,4636.79,4755.45,4503.72,4685.39,8779617
2017-10-10,4702.86,4839.98,4681.7,4777.98,9138869
2017-10-11,4779.75,4861.81,4731.06,4830.97,10362703
2017-10-12,4809.84,4918.51,4795.72,4907.99,4604535
2017-10-13,4931.99,4972.73,4924.81,4958.17,4252241
2017-10-14,4963.68,5146.17,4929.73,5030.22,4224470
2017-10-15,5021.33,5156.71,4946.06,5123.69,7438055
2017-10-16,5104.43,5330.36,5054.55,5218.0,8485389
2017-10-17,5224.2,5351.46,5188.26,5297.33,9758814
2017-10-18,5295.47,5526.46,5219.92,5375.25,14570284
2017-10-19,5400.63,5512.63,5360.04,5482.58,7832857
2017-10-20,5476.89,5694.49,5376.84,5601.59,12323096
2017-10-21,5587.52,5776.72,5560.75,5696.92,8943298
2017-10-22,5712.23,5784.94,5680.18,5756.83,5904146
2017-10-23,5772.81,5912.23,5660.29,5824.6,10989586
2017-10-24,5827.55,5952.35,5789.66,5919.53,14586072
2017-10-25,5931.54,6042.29,5821.17,5997.41,5342928
2017-10-26,5996.73,6162.26,5927.13,6086.7,9220178
2017-10-27,6090.97,6223.26,5999.79,6147.98,4931870
2017-10-28,6169.46,6459.93,6069.97,6267.65,8387111
2017-10-29,6279.4,6450.3,6090.61,6381.38,12575714
2017-10-30,6378.14,6595.44,6262.75,6501.75,15767768
2017-10-31,6528.12,6683.51,6451.64,6624.2,12987544
2017-11-01,6577.21,6817.0,6459.64,6700.0,11359658
2017-11-02,6741.25,6977.77,6701.15,6840.58,17948324
2017-11-03,6805.57,7074.78,6699.57,6980.04,10611158
2017-11-04,6966.91,7214.94,6903.81,7187.14,19206751
2017-11-05,7186.26,7518.89,7151.84,7416.6,12949313
2017-11-06,7413.34,7681.32,7369.91,7580.41,20708802
2017-11-07,7603.3,7877.89,7562.72,7761.71,18282615
2017-11-08,7737.08,7941.05,7681.62,7912.57,21857082
2017-11-09,7918.76,8321.32,7721.21,8106.97,9766720
2017-11-10,8092.91,8353.69,8010.84,8296.16,18844943
2017-11-11,8303.5,8528.28,8287.56,8508.58,19218970
2017-11-12,8506.93,8715.99,8421.92,8680.87,21110709
2017-11-13,8683.29,8913.92,8661.16,8900.97,16925970
2017-11-14,8886.29,9192.88,8835.31,9129.73,7198472
2017-11-15,9115.76,9448.08,9033.69,9369.58,11882054
2017-11-16,9377.66,9652.52,9302.92,9567.03,13488196
2017-11-17,9594.12,9822.31,9536.34,9773.39,26451015
2017-11-18,9755.85,10073.26,9628.76,10028.54,25229500
2017-11-19,10002.4,10272.55,9962.51,10243.32,9537361
2017-11-20,10262.17,10547.74,10142.74,10456.96,29427082
2017-11-21,10455.94,10926.56,10244.72,10698.55,12954894
2017-11-22,10725.2,11230.19,10559.87,11000.84,18988185
2017-11-23,10970.95,11373.17,10867.28,11297.32,13561492
2017-11-24,11237.01,11728.95,11138.73,11556.63,30131723
2017-11-25,11538.15,11933.15,11211.21,11820.23,25029331
2017-11-26,11793.05,12143.0,11655.38,11999.78,19220457
2017-11-27,11996.94,12472.46,11906.56,12332.55,25326104
2017-11-28,12308.99,12561.65,12290.21,12547.48,15632641
2017-11-29,12575.37,12963.22,12521.18,12926.65,18884138
2017-11-30,12915.48,13229.45,12697.5,13159.92,21029111
2017-12-01,13165.86,13703.48,12853.01,13488.59,17971525
2017-12-02,13494.97,13997.61,13414.14,13862.8,37984818
2017-12-03,13870.9,14329.16,13767.7,14216.38,33690893
2017-12-04,14215.35,14702.46,14130.29,14615.07,19023731
2017-12-05,14637.46,14966.84,14512.75,14918.32,19639452
2017-12-06,14882.71,15439.77,14641.77,15310.03,11801764
2017-12-07,15374.3,15684.76,15331.76,15664.38,22582162
2017-12-08,15653.27,16417.43,15429.24,15988.27,31009331
2017-12-09,15925.36,16436.79,15803.66,16390.62,21746289
2017-12-10,16399.87,17045.25,16100.57,16757.38,38009229
2017-12-11,16714.59,17179.85,16649.21,17145.08,26901663
2017-12-12,17179.3,17667.63,16896.53,17491.34,26915095
2017-12-13,17607.29,18313.76,17240.42,17997.78,54970530
2017-12-14,17955.31,18764.45,17637.11,18537.97,24546419
2017-12-15,18556.46,19026.08,18518.5,18983.61,28794998
2017-12-16,18883.63,19601.67,18534.62,19346.41,30505182
2017-12-17,19372.75,19848.98,19352.1,19800.0,22868236
2017-12-18,19747.39,19848.37,19324.54,19463.22,22083916
2017-12-19,19426.74,19605.64,18875.18,19099.93,24993937
2017-12-20,19036.83,19429.76,18564.67,18744.39,49171888
2017-12-21,18785.56,19063.62,18200.4,18312.95,42807481
2017-12-22,18368.29,18426.62,17901.46,17931.89,39366430
2017-12-23,17933.15,18085.66,17192.66,17534.81,30543715
2017-12-24,17489.34,17759.37,17041.29,17123.5,30770982
2017-12-25,17205.15,17407.26,16562.06,16760.18,21108574
2017-12-26,16722.45,16966.62,16158.64,16426.41,13698920
2017-12-27,16319.87,16498.34,15960.82,16127.58,22550803
2017-12-28,16149.76,16559.08,15553.36,15802.53,26946141
2017-12-29,15750.15,15800.7,15461.44,15509.07,13165587
2017-12-30,15555.06,15890.83,14958.69,15161.12,13497203
2017-12-31,15143.78,15242.28,14709.18,14851.95,20492368
2018-01-01,14878.85,15077.73,14322.67,14449.13,20649493
2018-01-02,14509.88,14557.72,14131.41,14188.86,21590304
2018-01-03,14137.4,14192.63,13880.17,13907.89,11878192
2018-01-04,13884.28,14501.16,13337.04,13725.8,18362016
2018-01-05,13722.69,13889.13,13233.25,13317.46,15732225
2018-01-06,13378.89,13589.03,12999.83,13101.95,11542837
2018-01-07,13076.07,13169.59,12756.64,12797.47,15342767
2018-01-08,12774.64,12840.84,12616.69,12661.79,12029646
2018-01-09,12679.95,12780.24,12173.84,12306.14,26262965
2018-01-10,12284.82,12354.08,11991.2,12077.07,19740089
2018-01-11,12082.6,12199.49,11656.0,11766.25,16179208
2018-01-12,11711.48,11880.93,11405.64,11537.54,10706574
2018-01-13,11614.18,11712.65,11252.68,11338.33,13014392
2018-01-14,11292.49,11339.32,11024.13,11130.36,12927182
2018-01-15,11119.61,11157.94,10890.33,10925.61,31553437
2018-01-16,10924.54,11095.13,10505.28,10674.2,25738685
2018-01-17,10735.45,10812.41,10419.59,10473.79,7735446
2018-01-18,10432.16,10471.58,10186.77,10257.8,20963239
2018-01-19,10318.84,10396.67,9962.25,10035.27,11668206
2018-01-20,10058.06,10195.63,9702.78,9876.96,9204237
2018-01-21,9889.32,9936.88,9602.58,9669.87,21356189
2018-01-22,9641.31,9658.52,9442.46,9468.17,9741645
2018-01-23,9484.4,9508.92,9213.21,9243.16,14567466
2018-01-24,9223.1,9272.64,8977.88,9080.44,17895573
2018-01-25,9114.94,9126.96,8894.85,8916.62,16972634
2018-01-26,8890.65,8951.86,8679.66,8725.22,26061971
2018-01-27,8722.26,8817.64,8327.58,8498.81,19791212
2018-01-28,8484.65,8648.5,8079.83,8334.24,20718356
2018-01-29,8309.55,8393.75,8056.17,8127.39,11239445
2018-01-30,8145.47,8300.3,7917.5,7989.95,6248843
2018-01-31,8002.78,8042.58,7731.61,7779.91,16897326
2018-02-01,7808.13,7953.62,7510.94,7641.4,21511929
2018-02-02,7600.6,7642.68,7451.94,7485.57,11258309
2018-02-03,7509.46,7643.75,7215.96,7352.17,20149166
2018-02-04,7407.43,7478.07,7169.51,7210.52,6916283
2018-02-05,7200.75,7411.14,6988.78,7085.74,10203923
2018-02-06,7126.02,7151.59,6875.88,6900.0,7695626
2018-02-07,6894.55,7200.42,6758.37,7063.91,11555973
2018-02-08,7034.83,7273.83,6997.66,7187.14,17297776
2018-02-09,7180.56,7372.59,7096.6,7337.9,9881095
2018-02-10,7360.98,7539.81,7300.84,7459.69,18909362
2018-02-11,7440.93,7634.68,7426.54,7595.2,13577698
2018-02-12,7581.52,7849.02,7526.92,7730.83,13240281
2018-02-13,7744.59,7945.98,7679.44,7896.82,18867275
2018-02-14,7896.89,8158.99,7775.74,8063.32,7039518
2018-02-15,8077.46,8305.95,8035.58,8199.86,19112218
2018-02-16,8205.71,8458.51,8049.43,8365.32,9423906
2018-02-17,8377.35,8653.22,8198.8,8492.15,10877531
2018-02-18,8481.13,8673.27,8456.01,8657.93,15988389
2018-02-19,8663.95,8912.62,8476.09,8796.38,21474266
2018-02-20,8771.91,8956.81,8758.45,8936.04,17874514
2018-02-21,8970.58,9279.08,8827.81,9142.73,18788155
2018-02-22,9125.33,9451.43,8920.9,9323.16,21806400
2018-02-23,9354.73,9552.79,9308.79,9511.89,10078725
2018-02-24,9505.23,9681.06,9389.96,9603.16,23280908
2018-02-25,9608.98,9829.19,9528.97,9791.67,15063333
2018-02-26,9777.13,9990.04,9743.43,9970.41,11999236
2018-02-27,9940.02,10388.88,9691.78,10257.72,15418295
2018-02-28,10204.02,10555.58,10126.03,10496.81,12904424
2018-03-01,10463.58,10771.17,10446.5,10714.29,12764565
2018-03-02,10703.88,11005.3,10540.52,10935.6,13947544
2018-03-03,10942.56,11233.16,10832.81,11143.69,12039086
2018-03-04,11177.47,11498.83,11082.85,11366.85,21066633
2018-03-05,11351.65,11665.19,11048.85,11500.0,22239150
2018-03-06,11469.57,11616.27,11189.22,11263.34,23845336
2018-03-07,11214.6,11266.45,10920.47,11016.91,15032138
2018-03-08,11032.78,11105.63,10757.23,10827.69,25933367
2018-03-09,10872.62,10902.21,10498.58,10585.4,8796970
2018-03-10,10625.61,10709.34,10257.61,10481.26,17580330
2018-03-11,10503.58,10635.33,10202.06,10357.41,13316346
2018-03-12,10377.25,10565.74,9724.49,10146.16,19336018
2018-03-13,10197.84,10295.17,9847.62,9904.84,13776895
2018-03-14,9914.7,10063.67,9543.31,9701.07,22500711
2018-03-15,9719.87,9813.73,9430.76,9518.75,24493257
2018-03-16,9509.59,9752.16,8962.33,9327.99,21409218
2018-03-17,9289.87,9355.55,9019.97,9131.1,9937667
2018-03-18,9112.36,9239.66,8763.58,8936.75,11708811
2018-03-19,8936.5,9058.06,8699.09,8741.87,23067519
2018-03-20,8743.46,8783.17,8463.67,8565.15,14505520
2018-03-21,8614.65,8695.87,8337.18,8365.91,21643720
2018-03-22,8367.95,8415.43,8190.23,8218.14,12705716
2018-03-23,8247.21,8268.23,7991.66,8045.51,21038289
2018-03-24,8035.01,8066.93,7877.71,7902.09,20472574
2018-03-25,7894.7,7951.07,7725.41,7755.2,14663945
2018-03-26,7724.28,7734.47,7633.32,7651.14,5050128
2018-03-27,7634.1,7669.54,7502.89,7541.71,12209526
2018-03-28,7553.63,7619.05,7277.52,7364.07,20647301
2018-03-29,7364.24,7458.73,7054.72,7179.28,18164356
2018-03-30,7199.59,7234.57,6990.49,7041.31,7461003
2018-03-31,7045.14,7372.33,6762.68,6915.77,10142983
2018-04-01,6908.46,7084.29,6686.5,6800.0,14103423
2018-04-02,6843.83,6879.81,6816.77,6862.2,11413300
2018-04-03,6860.27,7011.64,6775.6,6936.61,15144445
2018-04-04,6960.81,7041.42,6915.56,7017.36,13688148
2018-04-05,7008.91,7077.26,6996.04,7059.86,16223816
2018-04-06,7074.89,7158.45,7060.99,7142.71,5922928
2018-04-07,7162.59,7353.35,7086.47,7223.77,6238284
2018-04-08,7228.28,7344.07,7184.51,7297.11,5779595
2018-04-09,7245.56,7466.78,7124.46,7395.2,16872592
2018-04-10,7395.61,7534.77,7263.79,7468.78,12000209
2018-04-11,7496.35,7819.69,7327.34,7590.09,5456394
2018-04-12,7602.11,7696.8,7565.84,7667.97,9687873
2018-04-13,7678.22,7928.5,7625.27,7777.69,9542827
2018-04-14,7737.51,7907.75,7585.53,7853.35,15929035
2018-04-15,7836.38,7977.96,7782.05,7925.27,14655884
2018-04-16,7935.05,8021.31,7894.85,7986.08,15158235
2018-04-17,7995.91,8336.38,7855.95,8080.83,5340115
2018-04-18,8110.27,8227.43,8025.66,8177.93,18495670
2018-04-19,8174.37,8348.66,8092.59,8264.62,7847639
2018-04-20,8274.68,8356.31,8224.7,8327.96,14188519
2018-04-21,8328.37,8433.23,8307.63,8403.0,5694566
2018-04-22,8378.12,8537.24,8301.54,8463.21,7059407
2018-04-23,8405.94,8731.49,8330.63,8607.27,5254279
2018-04-24,8618.4,8721.34,8604.1,8687.66,14672242
2018-04-25,8692.19,8832.69,8605.14,8797.14,13869709
2018-04-26,8780.82,8848.27,8770.35,8837.51,6738757
2018-04-27,8794.58,8993.86,8761.92,8980.91,10389122
2018-04-28,8997.87,9198.82,8810.92,9087.0,21248375
2018-04-29,9079.75,9417.66,8912.09,9230.46,6842505
2018-04-30,9245.88,9390.24,9171.99,9293.7,9544972
2018-05-01,9345.67,9422.3,9320.07,9407.62,11880840
2018-05-02,9347.18,9486.94,9309.89,9459.9,22671977
2018-05-03,9440.04,9733.81,9390.18,9629.74,9703781
2018-05-04,9623.7,9835.79,9433.03,9698.19,23418457
2018-05-05,9740.52,9887.14,9559.16,9800.0,12155143
2018-05-06,9751.89,9809.94,9620.68,9701.6,11619085
2018-05-07,9757.94,9769.69,9630.37,9648.59,7997155
2018-05-08,9652.53,9793.84,9406.11,9545.72,17799722
2018-05-09,9542.97,9559.6,9392.69,9437.6,9856095
2018-05-10,9431.99,9472.39,9278.51,9339.89,15999002
2018-05-11,9327.67,9481.01,9045.87,9252.64,8762313
2018-05-12,9281.73,9475.35,9028.19,9190.41,10748951
2018-05-13,9160.95,9262.71,9102.12,9153.13,19754146
2018-05-14,9162.61,9172.56,9030.18,9057.45,18996013
2018-05-15,9047.01,9166.52,8820.19,8919.78,8501569
2018-05-16,8899.39,9042.32,8638.77,8784.97,12806663
2018-05-17,8853.13,8948.91,8680.38,8770.59,14689148
2018-05-18,8781.62,8958.33,8625.18,8700.13,6101801
2018-05-19,8716.13,8930.85,8535.72,8655.32,12796421
2018-05-20,8684.86,8814.22,8449.4,8554.33,8966061
2018-05-21,8517.85,8655.31,8432.8,8478.9,12640932
2018-05-22,8523.47,8678.81,8288.26,8376.44,16619214
2018-05-23,8313.39,8567.77,8025.2,8296.37,7219436
2018-05-24,8277.24,8325.94,8142.13,8221.66,6909644
2018-05-25,8210.34,8258.35,8067.67,8128.36,9536754
2018-05-26,8142.55,8208.19,7978.49,8007.29,18841511
2018-05-27,8012.54,8061.11,7814.36,7919.13,15550032
2018-05-28,7915.17,7932.83,7804.68,7835.66,5060914
2018-05-29,7835.38,7942.42,7697.37,7749.26,9702942
2018-05-30,7726.52,7856.51,7497.44,7696.28,8147565
2018-05-31,7661.72,7739.73,7543.04,7621.35,12398823
2018-06-01,7637.97,7714.88,7396.71,7576.99,11416878
2018-06-02,7592.76,7769.16,7369.52,7475.71,16505557
2018-06-03,7511.25,7565.25,7366.79,7425.57,7130082
2018-06-04,7407.98,7512.31,7219.94,7366.54,12320769
2018-06-05,7381.85,7497.65,7244.79,7289.03,13408964
2018-06-06,7282.83,7360.62,7090.11,7221.03,14676688
2018-06-07,7246.82,7432.51,7062.55,7159.93,9142366
2018-06-08,7181.88,7203.96,7093.13,7106.28,12227390
2018-06-09,7110.78,7183.59,6916.33,7062.11,8285367
2018-06-10,7054.91,7143.34,6927.84,6981.33,9369174
2018-06-11,7001.46,7069.51,6864.84,6924.18,16263754
2018-06-12,6937.62,6980.98,6794.42,6829.26,15535747
2018-06-13,6815.24,6951.74,6663.44,6767.17,12282370
2018-06-14,6740.22,6910.72,6635.61,6716.41,8265223
2018-06-15,6710.6,6745.37,6632.54,6662.92,14545987
2018-06-16,6693.21,6702.74,6561.04,6575.69,4195307
2018-06-17,6598.3,6653.62,6480.24,6515.15,5477149
2018-06-18,6493.41,6547.62,6382.67,6422.24,11006414
2018-06-19,6399.74,6467.29,6297.42,6374.52,7416336
2018-06-20,6398.9,6473.92,6128.87,6297.45,14018206
2018-06-21,6275.99,6318.61,6107.14,6248.6,8090520
2018-06-22,6258.15,6328.87,6137.3,6210.52,7742276
2018-06-23,6199.04,6279.59,6096.48,6182.67,11888274
2018-06-24,6212.66,6227.85,6078.24,6100.0,12394251
2018-06-25,6085.9,6238.22,6060.19,6170.28,8450270
2018-06-26,6191.44,6347.7,6119.09,6209.99,6272064
2018-06-27,6213.43,6370.16,6167.18,6281.46,13159830
2018-06-28,6286.22,6474.18,6239.49,6363.78,8319105
2018-06-29,6326.16,6548.45,6280.52,6469.81,5715513
2018-06-30,6427.05,6534.36,6401.64,6521.02,11347662
2018-07-01,6516.71,6670.62,6456.53,6586.96,4469329
2018-07-02,6591.84,6709.87,6487.07,6609.15,15347369
2018-07-03,6586.84,6712.49,6546.01,6670.8,11424794
2018-07-04,6649.01,6775.43,6571.29,6731.6,16665799
2018-07-05,6742.94,6843.15,6729.81,6816.12,8531345
2018-07-06,6827.63,7086.21,6663.79,6898.35,15762644
2018-07-07,6895.5,6992.09,6817.19,6956.2,5481419
2018-07-08,6972.48,7157.98,6884.22,6989.92,4153527
2018-07-09,6965.3,7141.59,6843.27,7010.59,4873467
2018-07-10,7003.1,7209.43,6900.22,7103.52,10301265
2018-07-11,7138.64,7196.02,7114.78,7178.53,5306538
2018-07-12,7180.0,7272.02,7150.05,7244.46,10967013
2018-07-13,7247.21,7330.3,7227.7,7314.61,10021147
2018-07-14,7365.21,7476.43,7348.91,7454.36,9786735
2018-07-15,7423.06,7644.93,7273.91,7569.3,13448136
2018-07-16,7587.38,7747.0,7519.25,7653.47,6145277
2018-07-17,7691.68,7838.57,7553.43,7683.43,15148134
2018-07-18,7675.94,7831.66,7614.16,7758.34,12822999
2018-07-19,7778.35,7846.8,7752.4,7837.38,17329457
2018-07-20,7814.29,8117.93,7625.76,7908.26,10089017
2018-07-21,7891.97,8114.84,7835.74,7994.54,18457341
2018-07-22,8003.77,8104.96,7904.98,8062.3,12980664
2018-07-23,8081.62,8183.16,8000.42,8135.11,19713702
2018-07-24,8162.47,8342.22,7996.55,8231.23,5193276
2018-07-25,8269.99,8397.34,8167.76,8300.0,16999796
2018-07-26,8298.32,8354.68,8112.99,8181.07,18515010
2018-07-27,8210.37,8255.28,7966.99,8053.44,6187481
2018-07-28,8045.17,8156.53,7784.25,7922.49,13561957
2018-07-29,7943.93,8003.81,7795.41,7823.09,17537907
2018-07-30,7827.96,7938.51,7593.36,7699.31,12307753
2018-07-31,7709.6,7799.18,7534.59,7625.56,5758213
2018-08-01,7635.25,7767.86,7372.55,7523.54,14952249
2018-08-02,7487.32,7508.67,7355.11,7414.31,5707660
2018-08-03,7389.31,7429.98,7267.68,7302.06,15685774
2018-08-04,7304.3,7450.64,7139.81,7212.82,5134181
2018-08-05,7176.31,7479.16,6808.25,7118.75,6681927
2018-08-06,7136.5,7234.34,6883.6,7001.52,9088438
2018-08-07,7019.83,7032.42,6833.9,6853.69,13609321
2018-08-08,6860.42,6879.82,6697.43,6727.1,17248193
2018-08-09,6704.48,6737.48,6592.27,6624.47,5625953
2018-08-10,6651.9,6661.38,6519.27,6540.02,5820057
2018-08-11,6579.99,6613.47,6429.72,6459.49,8652755
2018-08-12,6462.34,6552.81,6217.98,6371.73,13786776
2018-08-13,6381.48,6390.19,6289.05,6297.38,9900852
2018-08-14,6301.19,6360.3,6024.71,6200.0,6622404
2018-08-15,6209.86,6264.45,6119.22,6227.05,8493514
2018-08-16,6224.81,6252.41,6201.32,6232.19,5859084
2018-08-17,6231.54,6316.28,6143.39,6214.93,7062877
2018-08-18,6231.81,6343.49,6040.63,6205.14,6380390
2018-08-19,6248.81,6366.26,6151.06,6214.25,11432125
2018-08-20,6188.15,6293.34,6122.21,6238.55,13146117
2018-08-21,6236.61,6312.57,6160.38,6275.07,11561641
2018-08-22,6252.85,6340.93,6153.98,6313.95,8499496
2018-08-23,6344.1,6414.61,6325.9,6365.04,8004850
2018-08-24,6353.82,6416.33,6335.59,6364.76,4541939
2018-08-25,6337.2,6517.89,6225.84,6376.79,10474120
2018-08-26,6389.0,6496.88,6301.41,6372.41,9186490
2018-08-27,6405.76,6472.36,6306.76,6383.13,12605091
2018-08-28,6395.83,6444.37,6298.4,6362.28,5183420
2018-08-29,6366.18,6379.6,6334.62,6367.76,10829448
2018-08-30,6375.57,6433.77,6315.56,6379.62,10512491
2018-08-31,6406.69,6423.98,6384.56,6404.85,6119280
2018-09-01,6388.06,6686.32,6248.57,6425.04,10217514
2018-09-02,6422.88,6457.94,6402.85,6444.13,12803633
2018-09-03,6435.38,6482.55,6412.98,6461.26,13241913
2018-09-04,6438.62,6539.39,6403.45,6490.81,11146722
2018-09-05,6484.42,6712.99,6420.34,6519.14,3939417
2018-09-06,6540.81,6607.75,6471.87,6500.81,13483156
2018-09-07,6511.86,6528.24,6438.96,6453.06,9968182
2018-09-08,6465.53,6649.44,6344.97,6465.66,6529069
2018-09-09,6468.5,6526.5,6409.7,6480.44,5854109
2018-09-10,6490.62,6582.94,6403.56,6531.26,4691834
2018-09-11,6515.58,6604.75,6418.77,6509.92,3813037
2018-09-12,6503.88,6772.96,6269.95,6515.79,11459793
2018-09-13,6519.54,6612.52,6445.04,6541.28,6348153
2018-09-14,6546.73,6631.79,6512.89,6585.99,3890450
2018-09-15,6592.32,6757.58,6504.09,6619.35,8099377
2018-09-16,6616.6,6747.12,6484.26,6580.79,8259522
2018-09-17,6573.34,6661.9,6447.93,6572.4,5392480
2018-09-18,6634.67,6663.14,6584.7,6601.45,4094175
2018-09-19,6619.41,6699.5,6589.46,6633.01,5595347
2018-09-20,6641.23,6689.93,6610.2,6658.34,10308164
2018-09-21,6653.69,6771.23,6531.38,6664.81,4593317
2018-09-22,6655.79,6754.2,6539.6,6700.0,9025900
2018-09-23,6697.37,6747.91,6663.75,6703.67,5166547
2018-09-24,6709.56,6802.72,6645.86,6679.87,5341181
2018-09-25,6642.19,6838.01,6557.29,6682.42,7551420
2018-09-26,6650.96,6750.1,6600.74,6670.03,4448344
2018-09-27,6657.28,6744.23,6575.43,6678.06,5730101
2018-09-28,6682.21,6735.05,6540.21,6634.88,7044503
2018-09-29,6630.12,6670.09,6507.82,6622.46,7020712
2018-09-30,6651.83,6685.02,6546.68,6600.61,10877335
2018-10-01,6571.26,6628.81,6548.96,6605.49,4386206
2018-10-02,6590.6,6658.84,6564.5,6633.47,12442945
2018-10-03,6663.72,6724.98,6466.68,6617.7,12495677
2018-10-04,6620.31,6683.11,6552.17,6586.26,11243227
2018-10-05,6603.74,6651.57,6527.69,6574.66,6559754
2018-10-06,6615.12,6658.49,6529.95,6586.14,11696742
2018-10-07,6572.43,6669.17,6513.6,6594.05,5333549
2018-10-08,6592.08,6730.17,6394.08,6579.3,4711674
2018-10-09,6573.92,6648.95,6507.86,6565.15,4104464
2018-10-10,6526.65,6610.93,6502.82,6598.56,13116480
2018-10-11,6592.42,6645.73,6529.24,6584.94,6444645
2018-10-12,6602.35,6681.88,6493.75,6579.23,12427711
2018-10-13,6589.9,6657.87,6515.06,6577.04,6499412
2018-10-14,6589.26,6781.06,6456.82,6548.36,12655702
2018-10-15,6540.98,6648.93,6514.37,6560.9,13586276
2018-10-16,6547.99,6659.11,6481.21,6522.92,13187946
2018-10-17,6547.75,6572.45,6525.61,6546.49,8289910
2018-10-18,6536.72,6615.09,6485.32,6552.3,12217993
2018-10-19,6558.08,6608.44,6492.16,6540.32,14179781
2018-10-20,6543.52,6567.64,6486.14,6499.25,6915570
2018-10-21,6527.75,6629.22,6430.65,6473.85,7732781
2018-10-22,6492.72,6583.58,6376.74,6454.87,11367861
2018-10-23,6429.79,6539.03,6331.46,6492.13,6413936
2018-10-24,6469.0,6626.88,6354.06,6479.36,10646363
2018-10-25,6490.61,6536.52,6349.63,6476.89,4408686
2018-10-26,6475.64,6566.7,6328.58,6439.86,9081123
2018-10-27,6431.07,6448.97,6396.98,6408.57,4614281
2018-10-28,6428.1,6478.96,6344.47,6391.44,6173532
2018-10-29,6395.03,6472.95,6359.46,6400.25,5747162
2018-10-30,6401.26,6427.23,6389.77,6403.86,11564305
2018-10-31,6418.85,6477.24,6312.41,6395.23,5338724
2018-11-01,6388.03,6596.1,6222.09,6377.21,11675904
2018-11-02,6407.22,6502.66,6307.89,6399.22,11525880
2018-11-03,6384.09,6471.57,6281.52,6420.07,8016412
2018-11-04,6432.72,6509.1,6362.47,6419.99,6117288
2018-11-05,6447.6,6471.88,6337.63,6381.47,6058939
2018-11-06,6355.1,6377.21,6309.92,6340.04,7606929
2018-11-07,6333.51,6364.16,6293.54,6340.68,3259082
2018-11-08,6362.41,6375.53,6321.62,6340.2,8514110
2018-11-09,6362.21,6425.22,6133.38,6351.41,12643331
2018-11-10,6348.14,6439.66,6283.6,6341.29,4738425
2018-11-11,6327.31,6419.41,6260.99,6347.86,8737759
2018-11-12,6366.07,6472.27,6185.98,6351.71,12569008
2018-11-13,6374.26,6387.97,6338.09,6357.62,13448772
2018-11-14,6335.41,6363.59,6286.0,6300.0,20443596
2018-11-15,6277.25,6333.73,5995.29,6039.31,21398217
2018-11-16,6043.39,6132.45,5610.85,5723.82,10484923
2018-11-17,5734.63,5810.14,5410.96,5465.92,19227073
2018-11-18,5461.02,5508.39,5119.75,5215.59,19178061
2018-11-19,5226.21,5260.3,4928.17,4974.85,11952226
2018-11-20,4964.25,5033.18,4684.57,4743.08,9623609
2018-11-21,4712.99,4789.56,4449.37,4513.91,10053242
2018-11-22,4508.17,4514.74,4280.29,4291.33,8637477
2018-11-23,4292.15,4311.65,4038.4,4074.59,6822012
2018-11-24,4071.22,4078.3,3856.9,3861.65,10128743
2018-11-25,3848.22,3912.55,3656.21,3700.0,5927127
2018-11-26,3679.85,3712.66,3630.71,3664.48,5020484
2018-11-27,3658.83,3777.33,3508.24,3637.44,2477119
2018-11-28,3647.24,3700.85,3596.74,3626.92,7748350
2018-11-29,3640.59,3649.1,3574.8,3579.75,2932562
2018-11-30,3592.51,3643.55,3522.16,3566.41,2619180
2018-12-01,3557.68,3595.04,3474.34,3549.81,5541355
2018-12-02,3537.52,3592.44,3465.16,3534.17,4613054
2018-12-03,3539.43,3562.45,3475.91,3500.8,2463704
2018-12-04,3507.47,3514.96,3459.22,3466.95,4203525
2018-12-05,3471.12,3535.58,3381.33,3436.91,6426804
2018-12-06,3416.14,3422.69,3402.92,3414.9,5132923
2018-12-07,3406.02,3432.19,3393.82,3405.28,4033286
2018-12-08,3404.98,3425.05,3354.13,3382.41,2919523
2018-12-09,3387.35,3402.16,3345.23,3366.21,5806386
2018-12-10,3373.96,3450.45,3293.13,3333.98,6781830
2018-12-11,3335.43,3359.15,3296.57,3315.52,5710451
2018-12-12,3318.81,3360.09,3275.69,3286.99,7017443
2018-12-13,3287.82,3328.8,3211.52,3247.27,4926062
2018-12-14,3253.94,3298.07,3191.06,3217.55,5627385
2018-12-15,3220.57,3257.58,3158.67,3200.0,6001994
2018-12-16,3200.63,3224.04,3173.11,3197.29,5473406
2018-12-17,3194.71,3233.86,3124.95,3202.31,6669485
2018-12-18,3203.09,3278.6,3166.73,3221.02,3876777
2018-12-19,3225.7,3265.47,3188.49,3229.01,6043078
2018-12-20,3231.6,3236.51,3218.27,3230.33,4836529
2018-12-21,3234.02,3284.47,3216.83,3237.64,6037310
2018-12-22,3250.68,3296.09,3223.91,3242.99,2061711
2018-12-23,3245.57,3339.87,3222.91,3265.23,5023422
2018-12-24,3258.87,3277.67,3249.02,3259.56,6225623
2018-12-25,3268.2,3280.14,3239.76,3246.86,2645489
2018-12-26,3233.56,3261.32,3224.02,3235.46,4891478
2018-12-27,3224.96,3258.68,3154.13,3237.54,6611257
2018-12-28,3240.8,3343.11,3157.82,3265.92,3098510
2018-12-29,3270.98,3285.45,3235.09,3268.86,3635726
2018-12-30,3256.66,3294.78,3180.95,3268.22,4883683
2018-12-31,3264.47,3288.72,3220.72,3251.33,4249326
2019-01-01,3245.41,3262.44,3224.48,3247.74,1839382
2019-01-02,3243.0,3280.58,3204.27,3245.54,2217353
2019-01-03,3254.73,3308.78,3188.17,3254.35,2248944
2019-01-04,3261.25,3327.17,3224.89,3264.45,3349894
2019-01-05,3264.26,3343.87,3169.72,3288.7,3059876
2019-01-06,3283.32,3313.79,3268.43,3300.37,5681686
2019-01-07,3287.0,3319.17,3267.1,3289.3,4645703
2019-01-08,3303.31,3320.45,3252.79,3282.86,5739773
2019-01-09,3288.69,3307.6,3275.75,3293.07,2094205
2019-01-10,3286.09,3343.02,3259.08,3301.54,4081606
2019-01-11,3308.67,3355.55,3253.21,3300.4,3373505
2019-01-12,3299.71,3455.68,3159.81,3294.29,5924800
2019-01-13,3291.46,3310.48,3272.13,3296.48,5463401
2019-01-14,3300.79,3313.29,3296.04,3306.58,6055773
2019-01-15,3299.22,3357.92,3253.32,3309.1,2040392
2019-01-16,3305.69,3341.18,3288.4,3322.74,5541267
2019-01-17,3323.95,3355.73,3266.97,3313.66,4367940
2019-01-18,3308.69,3350.36,3282.19,3314.69,5973648
2019-01-19,3321.34,3388.02,3246.78,3320.86,4387018
2019-01-20,3339.48,3400.26,3296.57,3328.8,4931822
2019-01-21,3321.27,3379.16,3299.44,3350.55,2001308
2019-01-22,3333.82,3371.23,3294.89,3344.85,5287920
2019-01-23,3324.77,3359.71,3309.34,3353.55,3104649
2019-01-24,3352.04,3365.43,3346.63,3350.59,1825496
2019-01-25,3343.92,3404.61,3321.13,3345.75,2160944
2019-01-26,3347.84,3359.0,3325.8,3332.86,7101343
2019-01-27,3334.18,3365.77,3283.15,3316.09,3909055
2019-01-28,3300.14,3349.17,3290.0,3342.07,6520655
2019-01-29,3323.88,3428.22,3265.9,3355.88,7989688
2019-01-30,3358.86,3489.45,3258.2,3394.06,6948888
2019-01-31,3395.44,3406.1,3376.99,3382.32,6527996
2019-02-01,3378.0,3409.73,3371.25,3392.29,6429105
2019-02-02,3375.43,3413.67,3337.66,3387.42,3640099
2019-02-03,3392.21,3446.66,3348.63,3413.01,2770437
2019-02-04,3426.04,3457.76,3362.54,3432.85,5035000
2019-02-05,3435.71,3471.72,3402.47,3433.77,4345343
2019-02-06,3425.04,3467.98,3389.42,3429.13,2336583
2019-02-07,3429.59,3464.2,3381.17,3420.32,5802658
2019-02-08,3406.31,3470.0,3339.4,3400.0,5391906
2019-02-09,3410.79,3445.88,3385.41,3430.55,6571945
2019-02-10,3431.39,3454.67,3398.26,3442.12,5348491
2019-02-11,3423.87,3477.97,3378.77,3459.17,5449475
2019-02-12,3456.05,3495.65,3450.73,3486.43,4682819
2019-02-13,3491.27,3591.01,3389.2,3513.76,4924693
2019-02-14,3510.25,3565.25,3487.27,3544.26,8181858
2019-02-15,3541.33,3592.99,3495.67,3578.84,2952227
2019-02-16,3565.7,3689.67,3537.94,3608.49,4969534
2019-02-17,3614.62,3657.51,3590.8,3640.56,5580373
2019-02-18,3633.48,3666.48,3622.92,3646.58,4712386
2019-02-19,3622.99,3695.17,3590.73,3669.23,3489120
2019-02-20,3665.14,3710.64,3620.43,3674.4,3769689
2019-02-21,3685.22,3730.58,3651.6,3693.13,3593161
2019-02-22,3688.84,3736.72,3678.68,3719.71,4414899
2019-02-23,3739.11,3816.67,3713.09,3751.03,8876926
2019-02-24,3755.86,3838.17,3723.1,3809.03,5626427
2019-02-25,3812.9,3854.22,3800.29,3842.24,3613139
2019-02-26,3840.76,3911.06,3789.88,3860.1,4803039
2019-02-27,3859.31,3981.81,3767.31,3890.12,2993435
2019-02-28,3887.05,3978.78,3717.76,3922.83,8878554
2019-03-01,3919.27,4011.89,3875.88,3965.86,4560796
2019-03-02,3972.18,4082.73,3870.34,3972.59,8054616
2019-03-03,3961.43,3996.63,3941.17,3978.33,4430394
2019-03-04,3965.49,4008.15,3950.81,3996.31,8447029
2019-03-05,3982.84,4081.24,3926.77,4037.21,4578608
2019-03-06,4061.99,4143.5,4040.54,4094.16,3105848
2019-03-07,4100.67,4151.58,4091.56,4142.27,2402403
2019-03-08,4146.06,4181.94,4117.08,4154.52,5926759
2019-03-09,4141.34,4176.69,4069.1,4151.96,4289186
2019-03-10,4159.73,4234.49,4112.57,4166.06,5214190
2019-03-11,4164.6,4256.14,4094.49,4181.49,8751188
2019-03-12,4184.17,4287.66,4126.94,4225.63,4141942
2019-03-13,4213.25,4282.7,4172.24,4251.81,4929915
2019-03-14,4253.85,4313.47,4213.97,4295.19,7913309
2019-03-15,4289.73,4308.81,4279.93,4304.22,6249328
2019-03-16,4294.33,4480.3,4166.96,4341.17,8580986
2019-03-17,4350.73,4414.16,4289.41,4370.48,5381629
2019-03-18,4350.32,4433.53,4296.84,4405.4,4986793
2019-03-19,4412.86,4420.45,4390.87,4398.49,3842963
2019-03-20,4407.52,4502.0,4299.92,4434.52,10698795
2019-03-21,4422.82,4507.38,4414.15,4498.17,11353691
2019-03-22,4487.1,4623.36,4459.06,4580.92,10110553
2019-03-23,4577.86,4698.49,4541.64,4607.67,5182961
2019-03-24,4611.57,4710.81,4544.99,4612.09,8594434
2019-03-25,4609.97,4749.85,4515.24,4630.18,5774718
2019-03-26,4636.2,4819.25,4527.33,4655.91,6512575
2019-03-27,4680.53,4765.68,4603.11,4698.73,9456723
2019-03-28,4691.58,4742.61,4685.95,4734.76,4536494
2019-03-29,4710.4,4846.67,4655.22,4794.12,4451792
2019-03-30,4806.0,4861.41,4715.68,4822.44,5107996
2019-03-31,4846.8,4987.16,4709.14,4844.05,8415392
2019-04-01,4849.76,4860.22,4832.09,4851.97,6155340
2019-04-02,4836.14,4994.87,4784.84,4900.0,5832750
2019-04-03,4898.18,4980.21,4822.74,4936.16,12904007
2019-04-04,4919.6,5059.99,4876.1,5012.24,7189329
2019-04-05,5021.91,5140.21,4980.65,5095.8,5401001
2019-04-06,5075.14,5178.29,5060.4,5150.82,9623596
2019-04-07,5146.18,5317.29,5057.48,5228.64,10552776
2019-04-08,5212.88,5391.46,5153.68,5277.07,4097673
2019-04-09,5279.08,5410.96,5172.76,5352.19,8654390
2019-04-10,5346.31,5419.56,5301.81,5387.54,3389494
2019-04-11,5390.39,5456.84,5347.9,5424.29,9030040
2019-04-12,5424.66,5516.37,5408.91,5503.21,6434213
2019-04-13,5486.93,5698.99,5428.6,5591.37,7266909
2019-04-14,5601.88,5791.81,5542.57,5690.3,8224459
2019-04-15,5689.47,5768.91,5667.24,5748.29,13410578
2019-04-16,5731.24,5868.59,5701.73,5815.53,10749852
2019-04-17,5854.62,5901.46,5814.94,5867.98,13583519
2019-04-18,5876.36,5940.65,5859.05,5931.05,11127673
2019-04-19,5928.32,6032.57,5909.58,6007.92,3867934
2019-04-20,6033.43,6094.35,6022.07,6086.24,7035886
2019-04-21,6119.87,6205.35,6078.86,6173.52,13041337
2019-04-22,6170.83,6233.67,6152.72,6215.67,12134161
2019-04-23,6222.15,6332.81,6210.62,6318.97,15311593
2019-04-24,6300.24,6476.97,6225.0,6391.16,5779207
2019-04-25,6388.33,6520.25,6293.58,6465.31,7824470
2019-04-26,6461.45,6588.36,6440.36,6555.98,8276689
2019-04-27,6559.62,6715.08,6436.84,6624.75,8432178
2019-04-28,6631.36,6829.74,6534.91,6719.45,7058153
2019-04-29,6730.73,6938.62,6559.35,6785.42,10599762
2019-04-30,6790.26,6915.31,6778.35,6901.0,12469742
2019-05-01,6875.94,7077.16,6809.91,6981.99,8358100
2019-05-02,6962.33,7088.23,6905.84,7065.11,5290802
2019-05-03,7053.53,7164.03,7033.28,7138.84,14858323
2019-05-04,7132.8,7402.44,7063.55,7257.28,10789841
2019-05-05,7280.15,7441.15,7153.24,7348.33,11817461
2019-05-06,7322.69,7600.35,7097.34,7423.61,10261039
2019-05-07,7415.65,7515.27,7389.46,7486.08,17046373
2019-05-08,7507.48,7704.64,7453.41,7576.11,12261232
2019-05-09,7569.3,7727.65,7510.79,7655.46,16441814
2019-05-10,7666.04,7796.64,7512.64,7708.83,12323441
2019-05-11,7705.6,7822.88,7675.29,7810.15,9865441
2019-05-12,7816.17,7971.65,7789.42,7945.02,10452753
2019-05-13,7939.58,8094.82,7915.3,8053.63,12112431
2019-05-14,8069.75,8227.64,7962.78,8122.92,12945928
2019-05-15,8085.27,8261.97,8030.03,8216.62,18493319
2019-05-16,8207.66,8545.0,8051.21,8409.75,9129156
2019-05-17,8417.23,8728.59,8210.99,8534.78,14950930
2019-05-18,8548.44,8700.71,8364.48,8610.33,16257333
2019-05-19,8648.9,8825.18,8549.68,8667.18,17249568
2019-05-20,8657.01,8970.15,8597.31,8803.16,13447174
2019-05-21,8842.23,8930.05,8812.26,8912.88,21504606
2019-05-22,8895.26,9200.54,8768.81,9008.22,11483361
2019-05-23,9044.13,9138.0,9020.9,9076.38,7364361
2019-05-24,9098.64,9427.74,8963.67,9180.56,20544139
2019-05-25,9155.41,9501.84,8879.17,9314.52,10305566
2019-05-26,9323.1,9594.76,9254.03,9478.49,19490947
2019-05-27,9477.03,9659.28,9448.45,9625.32,9069481
2019-05-28,9643.39,9775.58,9631.25,9734.16,5872124
2019-05-29,9727.64,10055.88,9624.61,9806.37,8340917
2019-05-30,9797.33,9962.32,9727.09,9879.85,13712990
2019-05-31,9920.43,10113.2,9867.84,10029.37,8312729
2019-06-01,10026.4,10337.91,9803.77,10157.73,10641248
2019-06-02,10182.91,10545.8,9960.18,10317.82,23150609
2019-06-03,10310.85,10690.28,10147.95,10504.77,21976134
2019-06-04,10557.29,10691.13,10495.76,10643.53,22345983
2019-06-05,10621.87,10833.88,10538.3,10758.6,20143257
2019-06-06,10738.78,10962.22,10629.18,10792.36,15718828
2019-06-07,10841.72,11191.59,10728.56,10947.87,25418980
2019-06-08,10933.25,11214.81,10843.32,11106.04,17091236
2019-06-09,11159.38,11394.28,10900.21,11213.75,16680455
2019-06-10,11243.75,11388.87,11191.59,11344.68,21580050
2019-06-11,11339.42,11505.96,11308.45,11461.31,13295545
2019-06-12,11398.96,11724.2,11324.72,11698.23,24692652
2019-06-13,11697.55,11890.52,11669.09,11846.37,17028652
2019-06-14,11849.98,12122.58,11706.03,11998.18,10073801
2019-06-15,12040.19,12349.68,11671.69,12127.26,9831057
2019-06-16,12185.05,12289.26,12135.23,12244.87,11997660
2019-06-17,12219.7,12644.9,12115.71,12435.29,27506268
2019-06-18,12465.18,12610.24,12379.85,12562.67,29918111
2019-06-19,12591.51,12758.96,12531.61,12687.6,15364714
2019-06-20,12728.46,12844.0,12706.11,12795.15,15278698
2019-06-21,12814.29,13118.05,12670.78,12969.64,13651994
2019-06-22,12894.05,13300.98,12792.62,13145.39,28686791
2019-06-23,13139.26,13433.15,13020.76,13314.49,12405535
2019-06-24,13268.32,13500.5,13085.33,13410.95,32467002
2019-06-25,13402.8,13615.74,13359.93,13601.08,26387291
2019-06-26,13641.07,13971.26,13505.01,13800.0,26508927
2019-06-27,13812.63,13999.16,13647.14,13771.87,20736914
2019-06-28,13819.3,13992.6,13534.63,13681.47,24035617
2019-06-29,13695.5,13828.94,13420.91,13583.15,20621264
2019-06-30,13530.24,13599.04,13421.32,13540.87,25784908
2019-07-01,13438.47,13616.97,13242.04,13479.85,29174912
2019-07-02,13485.87,13734.99,13137.5,13322.08,20036249
2019-07-03,13313.53,13369.01,13224.9,13264.69,21969295
2019-07-04,13225.81,13275.41,13118.22,13169.71,25027489
2019-07-05,13102.52,13244.62,13031.74,13163.57,26779313
2019-07-06,13134.56,13234.7,13026.14,13115.1,20157224
2019-07-07,13107.44,13378.72,12964.45,13132.88,7603498
2019-07-08,13159.11,13226.34,12996.69,13046.46,9887660
2019-07-09,13053.84,13184.43,12849.34,12945.85,28457527
2019-07-10,13008.31,13043.27,12678.62,12796.87,9290451
2019-07-11,12757.11,12783.04,12618.16,12695.93,11568064
2019-07-12,12729.49,12775.85,12569.45,12625.6,12128823
2019-07-13,12627.39,12802.36,12398.56,12539.89,19061225
2019-07-14,12566.03,12609.57,12443.41,12486.3,18111519
2019-07-15,12469.95,12702.67,12279.15,12447.17,13333580
2019-07-16,12487.19,12531.52,12323.6,12355.83,10658042
2019-07-17,12366.78,12472.48,12227.53,12316.87,22544013
2019-07-18,12291.76,12364.63,12144.74,12248.23,24877171
2019-07-19,12247.79,12387.55,11776.1,12207.08,9000293
2019-07-20,12198.3,12243.8,11935.26,12040.48,10168899
2019-07-21,12058.15,12169.81,11841.52,11915.92,18149818
2019-07-22,11873.75,11957.06,11813.6,11891.53,20432591
2019-07-23,11890.48,12041.48,11720.44,11887.49,22676030
2019-07-24,11901.59,12041.95,11613.92,11809.7,22399606
2019-07-25,11810.87,11940.42,11514.85,11691.12,22873425
2019-07-26,11738.36,11943.14,11445.76,11651.11,9955229
2019-07-27,11678.16,11782.33,11382.44,11631.06,8442334
2019-07-28,11630.8,11722.78,11514.95,11573.95,19292802
2019-07-29,11581.48,11730.81,11238.99,11474.78,23033961
2019-07-30,11484.96,11497.79,11350.2,11384.11,17903608
2019-07-31,11397.88,11445.16,11286.23,11301.35,22252885
2019-08-01,11239.46,11315.95,11196.31,11294.22,21190051
2019-08-02,11284.0,11397.46,11118.08,11233.25,17507818
2019-08-03,11183.22,11391.5,11124.13,11230.57,7400183
2019-08-04,11273.64,11401.13,11003.5,11165.38,7724426
2019-08-05,11163.34,11319.03,11030.19,11139.89,22295006
2019-08-06,11133.43,11170.61,10979.21,11032.26,10264964
2019-08-07,11061.94,11132.49,10869.7,10940.18,6907303
2019-08-08,10954.04,10989.12,10837.61,10851.46,22981840
2019-08-09,10814.71,11056.83,10578.6,10778.27,22074522
2019-08-10,10775.98,10810.54,10629.19,10716.09,10366932
2019-08-11,10705.32,10805.8,10570.56,10625.67,17875386
2019-08-12,10570.06,10888.71,10232.5,10621.86,6990440
2019-08-13,10599.86,10638.09,10510.07,10541.87,10195880
2019-08-14,10536.06,10574.5,10496.95,10519.37,17461446
2019-08-15,10515.74,10540.29,10406.93,10437.14,18903884
2019-08-16,10390.73,10490.25,10252.76,10384.33,5848061
2019-08-17,10420.2,10544.2,10156.75,10336.43,11750554
2019-08-18,10333.26,10484.17,10123.74,10259.38,8893108
2019-08-19,10260.53,10703.57,9907.0,10231.09,24681199
2019-08-20,10243.38,10338.1,10059.68,10125.04,16496366
2019-08-21,10101.11,10182.3,9871.55,10083.78,11829309
2019-08-22,10097.59,10164.15,9969.26,10054.4,6749413
2019-08-23,10043.33,10133.07,9961.48,10007.03,16107520
2019-08-24,9980.11,10039.65,9904.18,9931.29,17170843
2019-08-25,9948.37,9990.92,9822.0,9840.84,17865556
2019-08-26,9884.87,10180.85,9628.22,9814.92,9707458
2019-08-27,9836.26,9967.93,9613.38,9785.36,21472186
2019-08-28,9812.46,9896.94,9612.62,9730.24,12280708
2019-08-29,9715.04,9963.23,9531.49,9687.05,9817190
2019-08-30,9640.62,9661.6,9620.6,9651.38,11008971
2019-08-31,9694.52,9720.81,9559.11,9595.7,14178600
2019-09-01,9654.84,9731.63,9450.05,9521.36,20553869
2019-09-02,9565.43,9626.06,9431.43,9457.98,15722580
2019-09-03,9448.45,9525.34,9324.41,9440.38,14259323
2019-09-04,9407.68,9466.07,9284.1,9390.34,8338289
2019-09-05,9360.32,9438.4,9150.23,9299.65,7748645
2019-09-06,9252.67,9276.01,9210.6,9229.52,12849191
2019-09-07,9226.55,9346.39,9044.91,9178.38,17120771
2019-09-08,9222.6,9340.32,8979.89,9099.95,16641530
2019-09-09,9096.08,9161.51,8899.12,9043.38,8587984
2019-09-10,9051.58,9090.0,8936.07,8983.67,5885295
2019-09-11,9020.74,9114.4,8930.56,8980.24,10993978
2019-09-12,8969.36,8992.71,8894.71,8918.71,18003547
2019-09-13,8973.17,9030.31,8851.07,8885.13,12549695
2019-09-14,8938.23,9031.01,8756.8,8853.31,9975308
2019-09-15,8849.83,8990.22,8675.03,8787.11,9485249
2019-09-16,8771.89,8791.6,8726.6,8745.21,7079392
2019-09-17,8763.5,8870.71,8608.27,8675.44,11051657
2019-09-18,8666.4,8699.1,8625.57,8652.47,16149392
2019-09-19,8622.45,8790.51,8417.14,8606.47,19244147
2019-09-20,8639.55,8745.66,8507.26,8544.07,11708068
2019-09-21,8575.25,8661.95,8332.96,8503.84,7461308
2019-09-22,8507.81,8558.91,8402.73,8432.16,13169759
2019-09-23,8400.21,8467.04,8372.32,8421.81,15797394
2019-09-24,8390.74,8405.42,8325.92,8359.85,5806307
2019-09-25,8362.54,8491.69,8226.94,8300.0,17490860
2019-09-26,8287.55,8424.69,8232.14,8377.64,15360803
2019-09-27,8369.07,8519.5,8177.65,8399.15,10211467
2019-09-28,8424.91,8516.59,8316.64,8396.74,12194736
2019-09-29,8415.2,8479.22,8372.85,8431.71,15159764
2019-09-30,8466.57,8515.86,8409.48,8492.89,12961398
2019-10-01,8467.65,8506.91,8441.13,8495.98,4680127
2019-10-02,8487.23,8555.98,8385.17,8517.07,5859206
2019-10-03,8536.46,8564.84,8481.43,8514.4,7705731
2019-10-04,8525.85,8809.48,8405.74,8606.62,17244937
2019-10-05,8646.19,8767.04,8596.62,8704.14,11468642
2019-10-06,8715.12,8828.62,8666.36,8763.21,11912430
2019-10-07,8811.8,9003.98,8626.97,8776.88,14635273
2019-10-08,8791.1,8945.09,8613.08,8779.11,10220730
2019-10-09,8807.09,8949.77,8762.84,8845.4,15066291
2019-10-10,8836.81,8894.11,8807.54,8867.18,11304470
2019-10-11,8867.56,8925.55,8833.75,8909.64,10235696
2019-10-12,8933.99,8962.57,8870.09,8944.36,10363452
2019-10-13,8987.64,9041.13,8919.7,9015.55,19046923
2019-10-14,9035.27,9127.26,8966.63,9053.8,16340921
2019-10-15,9051.54,9165.5,9013.91,9093.91,5174304
2019-10-16,9131.49,9218.77,8964.38,9060.73,19504787
2019-10-17,9001.15,9139.14,8925.04,9111.41,15219858
2019-10-18,9072.53,9167.24,8980.53,9113.39,7461172
2019-10-19,9132.03,9373.79,9025.31,9173.17,6081971
2019-10-20,9173.56,9341.16,9011.18,9209.37,10540564
2019-10-21,9226.1,9390.77,9149.08,9296.59,15655980
2019-10-22,9298.38,9412.81,9222.94,9376.78,14823199
2019-10-23,9392.84,9469.97,9357.68,9428.12,9470640
2019-10-24,9405.08,9492.63,9375.4,9474.93,12847205
2019-10-25,9491.14,9589.03,9434.41,9550.91,8643711
2019-10-26,9579.4,9684.68,9262.91,9500.0,5730411
2019-10-27,9534.79,9575.31,9473.63,9522.55,14555578
2019-10-28,9580.07,9599.31,9393.28,9428.07,12481674
2019-10-29,9434.97,9726.32,8944.59,9287.92,14477670
2019-10-30,9295.55,9440.73,9103.36,9201.55,20889271
2019-10-31,9159.5,9185.45,9091.19,9117.57,6853816
2019-11-01,9103.03,9238.49,9034.3,9140.94,5211056
2019-11-02,9135.64,9208.72,8994.25,9079.93,6083846
2019-11-03,9108.54,9411.97,8917.18,9039.56,13138502
2019-11-04,9022.99,9042.82,8920.8,8941.38,15711036
2019-11-05,8962.74,9099.51,8680.92,8885.02,12898545
2019-11-06,8884.97,9046.4,8616.16,8858.91,13154021
2019-11-07,8854.2,8878.43,8741.08,8772.45,10214839
2019-11-08,8779.0,8888.19,8673.57,8715.66,10577139
2019-11-09,8705.44,8717.76,8571.02,8603.39,10728889
2019-11-10,8592.31,8651.22,8496.85,8529.58,14229935
2019-11-11,8485.96,8550.59,8348.72,8454.11,7001942
2019-11-12,8447.82,8509.64,8353.74,8411.03,15229309
2019-11-13,8398.92,8487.88,8158.17,8372.05,13018640
2019-11-14,8359.09,8375.74,8258.79,8313.03,9051769
2019-11-15,8323.43,8353.15,8198.28,8227.89,11532636
2019-11-16,8244.15,8360.97,8139.28,8178.61,18719252
2019-11-17,8184.31,8264.93,8009.51,8106.12,4427427
2019-11-18,8130.33,8183.26,8021.48,8094.33,7302629
2019-11-19,8108.31,8180.23,7987.54,8042.22,10699629
2019-11-20,8035.1,8175.34,7883.44,7988.09,13856223
2019-11-21,7976.99,8092.68,7802.02,7912.2,7629828
2019-11-22,7919.63,7994.55,7758.08,7841.64,15598617
2019-11-23,7855.13,7943.71,7747.18,7822.6,12079662
2019-11-24,7855.41,7885.57,7743.98,7801.13,16897611
2019-11-25,7829.01,7898.25,7672.62,7725.99,8809145
2019-11-26,7713.44,7831.58,7464.64,7669.16,16196493
2019-11-27,7666.81,7767.25,7501.83,7588.12,8180929
2019-11-28,7603.39,7721.58,7501.27,7584.28,7548303
2019-11-29,7608.58,7675.48,7501.13,7534.19,16410343
2019-11-30,7555.41,7662.6,7416.97,7471.53,5656801
2019-12-01,7470.09,7633.23,7152.75,7402.01,16820011
2019-12-02,7374.16,7442.31,7196.69,7332.79,9110250
2019-12-03,7310.81,7351.99,7241.01,7315.93,16297942
2019-12-04,7321.91,7434.58,7235.25,7272.01,9546488
2019-12-05,7279.47,7331.27,7207.9,7271.07,14197298
2019-12-06,7247.1,7381.3,7045.29,7200.78,4313487
2019-12-07,7201.74,7249.2,7070.27,7138.43,11605326
2019-12-08,7151.95,7239.07,6970.06,7029.28,13811521
2019-12-09,7005.0,7042.83,6914.96,6950.79,13736783
2019-12-10,6973.83,7016.64,6819.88,6888.09,5322457
2019-12-11,6880.29,6919.75,6849.64,6871.44,7923451
2019-12-12,6897.37,6946.24,6728.6,6863.94,8806638
2019-12-13,6852.96,6919.93,6759.79,6816.98,4940858
2019-12-14,6795.99,7051.45,6585.86,6780.93,9366935
2019-12-15,6771.61,6911.69,6612.93,6717.82,12077586
2019-12-16,6715.9,6737.11,6681.3,6700.69,7012662
2019-12-17,6692.88,6756.9,6633.22,6666.74,9192769
2019-12-18,6662.42,6687.06,6576.99,6600.0,15859645
2019-12-19,6606.61,6724.72,6552.25,6678.45,3660043
2019-12-20,6675.02,6782.4,6508.64,6678.16,9524930
2019-12-21,6676.84,6800.98,6550.45,6668.77,11870076
2019-12-22,6634.58,6822.61,6526.35,6702.8,12749953
2019-12-23,6710.67,6813.69,6637.32,6756.06,12583251
2019-12-24,6754.25,6834.07,6728.56,6818.0,12510671
2019-12-25,6850.94,6894.82,6818.32,6870.6,4606262
2019-12-26,6851.23,7072.25,6709.13,6918.41,10470359
2019-12-27,6880.88,6993.63,6858.91,6974.83,12830655
2019-12-28,6987.76,7102.58,6945.94,7009.21,5074648
2019-12-29,7016.5,7112.74,6930.12,7054.53,4233197
2019-12-30,7033.19,7207.56,6971.0,7110.36,13498353
2019-12-31,7077.72,7262.57,6983.01,7146.81,12877795
2020-01-01,7179.77,7321.56,7115.93,7200.0,9488511
2020-01-02,7230.54,7427.52,7154.73,7264.23,16977357
2020-01-03,7210.03,7414.41,7115.04,7345.32,13716761
2020-01-04,7335.22,7511.36,7226.31,7393.74,17085940
2020-01-05,7430.65,7470.23,7412.08,7461.75,17162273
2020-01-06,7451.09,7656.82,7363.91,7541.74,10561180
2020-01-07,7530.64,7738.2,7401.27,7596.8,13943863
2020-01-08,7590.35,7669.53,7571.67,7644.14,13074937
2020-01-09,7618.44,7707.83,7610.72,7696.67,14475005
2020-01-10,7657.31,7765.1,7617.51,7733.32,15651665
2020-01-11,7757.74,7836.15,7722.3,7812.05,6541707
2020-01-12,7768.86,8016.73,7670.37,7869.6,8129505
2020-01-13,7875.44,7979.27,7853.66,7953.99,8257328
2020-01-14,7975.14,8058.33,7956.19,8015.75,14877454
2020-01-15,7980.85,8074.98,7951.97,8045.5,15879014
2020-01-16,8023.19,8217.62,7798.57,8105.87,11873126
2020-01-17,8135.37,8295.53,8059.88,8178.18,14247092
2020-01-18,8191.25,8356.93,8159.31,8288.76,16489972
2020-01-19,8273.41,8380.91,8230.41,8348.07,9920027
2020-01-20,8378.18,8607.75,8296.55,8442.59,5418060
2020-01-21,8473.15,8510.04,8432.07,8491.38,13179625
2020-01-22,8498.23,8875.76,8392.89,8605.24,18108916
2020-01-23,8582.0,8769.89,8482.81,8659.03,17199519
2020-01-24,8648.29,8790.63,8584.07,8736.23,11079401
2020-01-25,8743.74,9100.3,8400.61,8827.05,5722777
2020-01-26,8822.05,8875.77,8804.75,8864.87,16079625
2020-01-27,8889.84,9063.71,8827.79,8974.04,17735693
2020-01-28,8932.86,9065.68,8904.6,9031.57,16142655
2020-01-29,8991.09,9345.58,8849.27,9119.01,12356486
2020-01-30,9123.96,9375.21,8844.35,9206.15,6964133
2020-01-31,9192.57,9419.01,8945.34,9254.15,20994140
2020-02-01,9236.74,9433.25,9078.6,9353.94,9491313
2020-02-02,9304.32,9500.16,9224.69,9405.49,9228608
2020-02-03,9406.04,9558.65,9299.46,9486.88,19521025
2020-02-04,9485.38,9601.79,9456.69,9578.71,22554327
2020-02-05,9597.48,10035.63,9237.1,9671.68,15652868
2020-02-06,9673.68,9792.25,9593.33,9713.28,16642291
2020-02-07,9709.42,9832.06,9649.38,9806.59,10022561
2020-02-08,9841.22,9963.58,9741.11,9828.06,6820874
2020-02-09,9789.37,9997.42,9768.53,9979.39,9104945
2020-02-10,9995.45,10116.11,9791.81,10058.37,16561775
2020-02-11,10007.94,10245.69,9962.94,10156.97,8082345
2020-02-12,10131.43,10322.28,9909.18,10205.01,22100264
2020-02-13,10167.89,10360.48,10077.42,10300.0,12701741
2020-02-14,10324.16,10352.79,9967.29,10003.09,19089593
2020-02-15,10001.13,10104.51,9697.5,9759.4,17326308
2020-02-16,9759.0,10033.36,9444.61,9564.16,19063439
2020-02-17,9532.41,9664.38,9312.98,9364.4,13077609
2020-02-18,9355.98,9495.91,8976.06,9172.9,25864879
2020-02-19,9151.89,9182.32,8902.13,8917.17,16291003
2020-02-20,8927.42,8982.7,8614.88,8664.71,22053800
2020-02-21,8638.95,8688.31,8335.47,8386.64,18340056
2020-02-22,8420.09,8484.41,8112.42,8175.24,7926884
2020-02-23,8134.14,8202.22,7960.3,7997.46,15260530
2020-02-24,7978.11,8059.35,7802.19,7865.22,15781648
2020-02-25,7904.79,8086.03,7607.72,7663.42,22205741
2020-02-26,7653.42,7768.27,7305.95,7445.76,21320345
2020-02-27,7416.38,7532.66,7139.09,7232.74,7451659
2020-02-28,7237.5,7256.02,7069.88,7081.49,6625175
2020-02-29,7071.39,7106.94,6856.62,6903.44,9560140
2020-03-01,6886.13,6939.13,6685.56,6741.11,20407300
2020-03-02,6718.95,6788.74,6514.01,6562.81,5078008
2020-03-03,6617.32,6687.95,6356.91,6414.02,14388733
2020-03-04,6409.18,6427.64,6242.42,6258.06,12986168
2020-03-05,6221.91,6259.89,6091.77,6111.37,13589560
2020-03-06,6138.75,6178.64,5908.19,5954.67,7509925
2020-03-07,5965.58,6005.67,5726.96,5798.59,7291686
2020-03-08,5785.25,5793.89,5646.65,5654.53,9648679
2020-03-09,5638.7,5666.37,5466.75,5516.27,5325291
2020-03-10,5527.41,5632.5,5274.76,5378.49,4639974
2020-03-11,5374.51,5466.47,5207.12,5268.28,4821325
2020-03-12,5237.84,5424.66,4975.78,5150.59,11096435
2020-03-13,5178.2,5239.63,4905.77,5000.0,7116296
2020-03-14,4993.49,5124.5,4928.98,5074.47,5744948
2020-03-15,5097.23,5159.07,5062.71,5126.19,6606635
2020-03-16,5145.85,5233.08,5116.69,5209.12,5206455
2020-03-17,5193.48,5309.43,5163.47,5269.69,7421678
2020-03-18,5286.02,5448.38,5190.05,5338.34,5207460
2020-03-19,5327.91,5556.26,5151.27,5395.03,9607598
2020-03-20,5364.82,5478.23,5336.5,5435.79,4464943
2020-03-21,5428.87,5554.72,5365.75,5489.48,12306197
2020-03-22,5496.03,5571.5,5479.13,5535.09,4693863
2020-03-23,5527.41,5677.76,5450.21,5628.09,15029554
2020-03-24,5622.9,5835.2,5476.46,5739.06,14293534
2020-03-25,5758.75,5868.02,5732.14,5860.51,11358249
2020-03-26,5862.38,6053.84,5787.06,5940.85,13174109
2020-03-27,5925.82,6024.17,5870.98,5996.35,4445842
2020-03-28,6008.97,6103.63,5982.66,6010.13,5464827
2020-03-29,6013.7,6131.91,5956.8,6067.05,6308457
2020-03-30,6021.16,6167.12,5983.17,6122.86,6950190
2020-03-31,6130.73,6243.06,6101.76,6217.43,7618163
2020-04-01,6224.74,6342.68,6186.29,6300.76,10867978
2020-04-02,6301.14,6545.98,6215.65,6384.27,4086596
2020-04-03,6401.35,6478.33,6269.92,6441.87,8958195
2020-04-04,6428.88,6604.68,6338.79,6537.06,6927714
2020-04-05,6543.66,6615.77,6528.75,6608.54,12687994
2020-04-06,6577.48,6768.78,6502.79,6728.06,17515770
2020-04-07,6736.28,6903.94,6670.44,6834.48,10964920
2020-04-08,6874.52,6972.27,6805.87,6922.25,8743170
2020-04-09,6901.59,7111.27,6780.23,6960.11,8276541
2020-04-10,6944.24,7155.7,6868.9,7005.34,15882836
2020-04-11,6990.42,7220.89,6833.68,7128.5,6403795
2020-04-12,7131.28,7385.19,7091.62,7298.73,17007993
2020-04-13,7275.45,7398.16,7249.95,7372.22,10122995
2020-04-14,7381.54,7501.28,7341.57,7452.77,8150256
2020-04-15,7471.7,7569.17,7372.82,7500.01,19209764
2020-04-16,7512.03,7654.19,7442.8,7614.78,19688627
2020-04-17,7574.38,7872.87,7458.2,7751.12,13568736
2020-04-18,7774.26,7895.86,7700.91,7827.33,5235194
2020-04-19,7849.34,8011.87,7804.53,7931.94,14663783
2020-04-20,7951.7,8028.24,7921.24,7987.15,11063572
2020-04-21,7996.08,8152.07,7975.04,8139.13,10934991
2020-04-22,8144.51,8326.93,8080.99,8237.29,7545414
2020-04-23,8262.8,8485.92,8030.85,8336.56,12582960
2020-04-24,8384.66,8454.58,8341.49,8409.27,17100892
2020-04-25,8385.22,8663.28,8319.53,8517.64,9421440
2020-04-26,8545.19,8803.33,8342.85,8609.7,21363966
2020-04-27,8607.47,8772.64,8567.26,8739.04,8422854
2020-04-28,8735.64,8951.51,8606.74,8833.76,6807052
2020-04-29,8793.04,8978.68,8757.78,8959.9,15980609
2020-04-30,8952.25,9216.0,8823.03,9056.74,21287216
2020-05-01,9029.65,9342.21,8906.14,9203.89,21799732
2020-05-02,9191.08,9432.56,9046.2,9308.55,17840224
2020-05-03,9277.88,9411.33,9239.09,9383.48,9422113
2020-05-04,9370.85,9678.25,9146.69,9503.58,22536490
2020-05-05,9492.0,9806.64,9115.61,9601.41,23560486
2020-05-06,9604.2,9773.91,9582.71,9748.23,8387290
2020-05-07,9701.01,9896.03,9600.91,9823.91,17858856
2020-05-08,9781.31,10100.63,9660.55,10000.0,13897890
2020-05-09,10010.86,10176.67,9910.18,9978.81,14089468
2020-05-10,9954.93,10170.68,9928.01,10085.19,20121877
2020-05-11,10117.7,10224.5,9933.8,10089.98,6803040
2020-05-12,10096.79,10474.57,9794.89,10162.56,16601050
2020-05-13,10181.06,10411.82,9841.04,10094.59,8262881
2020-05-14,10137.31,10167.36,10053.08,10087.97,13549017
2020-05-15,10078.6,10186.83,10046.13,10108.32,17898200
2020-05-16,10090.9,10350.83,9908.61,10138.91,9165404
2020-05-17,10165.42,10251.09,9974.87,10158.65,11115817
2020-05-18,10174.18,10322.72,9952.22,10160.6,19897843
2020-05-19,10154.89,10253.72,10105.62,10152.12,16837537
2020-05-20,10194.49,10319.57,10040.72,10147.08,13945083
2020-05-21,10140.61,10284.98,10042.51,10152.75,9236794
2020-05-22,10153.75,10476.52,9980.13,10199.55,12335013
2020-05-23,10200.2,10272.71,10174.16,10231.55,18891373
2020-05-24,10202.86,10260.29,10111.67,10174.49,17636915
2020-05-25,10176.85,10434.71,10041.77,10175.26,8869305
2020-05-26,10217.9,10337.29,10113.49,10178.04,17814145
2020-05-27,10191.63,10429.31,10108.31,10265.69,6772452
2020-05-28,10266.65,10323.58,10190.62,10251.94,5877762
2020-05-29,10246.97,10391.3,10090.13,10288.86,14617687
2020-05-30,10299.07,10362.82,10258.68,10326.85,8692665
2020-05-31,10350.08,10478.62,10283.91,10330.05,6454443
2020-06-01,10348.93,10375.96,10302.14,10324.66,17624679
2020-06-02,10314.38,10342.01,10201.6,10288.31,12892286
2020-06-03,10298.33,10338.09,10247.57,10285.78,17886009
2020-06-04,10300.59,10522.0,10096.93,10272.27,17171396
2020-06-05,10241.23,10505.31,10133.5,10332.6,18826441
2020-06-06,10337.82,10445.3,10324.97,10406.25,10826635
2020-06-07,10338.78,10719.72,10250.87,10449.21,9524675
2020-06-08,10464.34,10619.24,10068.8,10458.91,14708467
2020-06-09,10479.63,10588.43,10409.24,10460.77,8640162
2020-06-10,10484.23,10535.81,10410.11,10443.89,18189644
2020-06-11,10431.51,10764.5,10229.81,10449.5,13953475
2020-06-12,10459.19,10481.62,10426.43,10470.23,9639849
2020-06-13,10514.95,10687.78,10452.4,10520.19,16083814
2020-06-14,10564.8,10621.92,10439.02,10553.51,20658241
2020-06-15,10552.59,10769.76,10447.29,10564.5,6617891
2020-06-16,10568.92,10629.48,10454.15,10567.29,7153587
2020-06-17,10602.5,10661.64,10507.57,10577.58,18888969
2020-06-18,10529.96,10597.53,10514.76,10571.59,7278062
2020-06-19,10561.34,10611.96,10487.76,10552.45,6113129
2020-06-20,10594.73,10625.87,10503.41,10533.34,10877027
2020-06-21,10564.15,10698.15,10420.0,10527.81,13086033
2020-06-22,10539.47,10643.25,10448.28,10546.64,14658354
2020-06-23,10499.0,10577.69,10459.5,10560.54,13623269
2020-06-24,10558.96,10789.0,10457.83,10572.71,20634915
2020-06-25,10554.0,10701.12,10517.94,10595.88,18599980
2020-06-26,10606.4,10627.72,10536.94,10563.06,22452402
2020-06-27,10537.41,10750.62,10446.71,10603.12,13406369
2020-06-28,10570.49,10799.27,10494.27,10624.81,7184878
2020-06-29,10558.99,10699.62,10515.69,10666.99,21607531
2020-06-30,10706.08,10822.41,10538.94,10692.46,5803839
2020-07-01,10679.64,10745.44,10645.66,10731.15,18110069
2020-07-02,10736.21,10856.68,10497.25,10723.58,6132609
2020-07-03,10723.51,10882.41,10532.4,10699.11,18617052
2020-07-04,10664.85,10742.26,10610.43,10667.11,21538938
2020-07-05,10626.81,10757.18,10585.47,10698.51,12817069
2020-07-06,10666.24,10883.14,10578.21,10754.84,9767362
2020-07-07,10731.51,10894.85,10576.51,10784.01,9588836
2020-07-08,10795.87,10969.89,10732.25,10815.97,14937198
2020-07-09,10790.15,10837.74,10691.27,10753.28,8677849
2020-07-10,10809.63,10858.05,10639.54,10789.3,16664824
2020-07-11,10822.55,10904.81,10744.42,10776.73,12806232
2020-07-12,10802.86,10918.85,10691.84,10846.24,10760145
2020-07-13,10842.35,10929.95,10779.89,10850.32,14950509
2020-07-14,10899.61,11135.07,10771.94,10934.96,14984713
2020-07-15,10927.81,11025.93,10732.72,10911.46,8859555
2020-07-16,10910.44,10955.9,10770.25,10835.66,17486610
2020-07-17,10841.18,11083.99,10476.79,10817.56,23321781
2020-07-18,10840.34,11016.85,10704.72,10915.84,12409535
2020-07-19,10936.7,11061.38,10920.94,11046.7,8739902
2020-07-20,11030.95,11329.37,10884.13,11061.46,19764370
2020-07-21,11043.77,11110.27,10901.65,11012.24,8570563
2020-07-22,11033.38,11222.29,10814.39,11014.34,6397444
2020-07-23,11037.98,11128.07,10924.15,10995.77,16873328
2020-07-24,10982.8,11208.77,10800.18,11036.43,9585249
2020-07-25,10983.88,11175.84,10858.1,11042.13,9433611
2020-07-26,11035.26,11204.18,10792.86,11112.53,23596067
2020-07-27,11133.32,11177.44,11000.48,11070.0,12150522
2020-07-28,11129.96,11263.53,11049.33,11164.32,23176938
2020-07-29,11124.2,11379.03,10825.13,11097.88,10043246
2020-07-30,11083.68,11132.36,10951.26,10998.34,21832263
2020-07-31,10985.49,11059.44,10846.22,10916.71,14364945
2020-08-01,10961.11,11052.34,10794.91,10889.34,7132280
2020-08-02,10888.19,10911.42,10827.74,10856.66,17745781
2020-08-03,10827.11,10961.96,10722.6,10868.24,20005543
2020-08-04,10886.45,10962.85,10727.68,10869.01,8589832
2020-08-05,10855.82,10980.68,10645.23,10835.6,17923184
2020-08-06,10795.8,10954.12,10740.95,10858.01,13292120
2020-08-07,10828.93,10873.15,10767.07,10831.7,17669154
2020-08-08,10888.05,11026.92,10732.56,10831.55,18938782
2020-08-09,10844.04,11127.34,10497.87,10770.33,6007659
2020-08-10,10773.81,10889.33,10615.05,10752.47,8265338
2020-08-11,10744.41,10798.08,10715.21,10752.9,13853078
2020-08-12,10762.33,10861.09,10598.32,10716.46,22023726
2020-08-13,10725.47,10964.92,10536.89,10672.83,11863001
2020-08-14,10682.19,10811.92,10491.82,10621.0,16322093
2020-08-15,10624.66,10650.68,10541.78,10586.61,5753545
2020-08-16,10614.21,10739.05,10410.89,10560.72,17364185
2020-08-17,10561.45,10770.69,10444.84,10534.58,15835799
2020-08-18,10503.68,10591.05,10461.67,10571.57,16849061
2020-08-19,10552.14,10695.2,10402.96,10578.53,19790256
2020-08-20,10515.72,10615.77,10474.46,10574.6,7931136
2020-08-21,10638.89,10679.87,10499.85,10552.36,9989577
2020-08-22,10579.67,10684.65,10360.13,10520.26,21625351
2020-08-23,10494.07,10549.65,10412.42,10503.93,8396579
2020-08-24,10495.05,10684.83,10325.21,10457.48,16876172
2020-08-25,10437.5,10497.29,10346.11,10446.62,18067685
2020-08-26,10494.96,10516.03,10379.98,10399.93,18345114
2020-08-27,10355.63,10434.87,10253.27,10318.24,9207135
2020-08-28,10321.79,10343.62,10248.0,10286.87,8966043
2020-08-29,10283.52,10464.47,9960.47,10317.44,17447284
2020-08-30,10343.03,10401.3,10332.57,10383.33,8206321
2020-08-31,10380.09,10531.49,10240.86,10390.64,16284731
2020-09-01,10335.83,10398.45,10302.89,10364.56,13900496
2020-09-02,10356.75,10572.03,10164.51,10321.74,12029417
2020-09-03,10291.63,10408.59,10238.8,10280.88,11071535
2020-09-04,10283.33,10310.31,10153.41,10212.42,20099128
2020-09-05,10256.36,10523.15,10041.69,10200.0,13942292
2020-09-06,10146.77,10403.06,10009.35,10242.33,16364937
2020-09-07,10217.74,10445.81,10024.19,10339.99,22038227
2020-09-08,10322.84,10426.33,10303.79,10395.74,16094219
2020-09-09,10383.84,10451.37,10372.15,10419.38,20958786
2020-09-10,10442.51,10531.59,10274.76,10439.48,7823252
2020-09-11,10434.05,10626.99,10383.18,10510.58,19516684
2020-09-12,10523.7,10780.42,10449.71,10536.39,10739533
2020-09-13,10516.61,10626.13,10390.93,10527.9,18806807
2020-09-14,10535.16,10655.32,10431.11,10549.57,20887696
2020-09-15,10574.19,10633.32,10535.56,10607.69,11442601
2020-09-16,10584.39,11076.2,10404.69,10707.94,13341650
2020-09-17,10733.04,10882.7,10644.21,10771.77,19471206
2020-09-18,10773.46,10920.81,10581.98,10845.86,8425307
2020-09-19,10879.87,10996.0,10820.92,10953.08,20086923
2020-09-20,10946.46,11077.43,10807.73,11020.34,8340494
2020-09-21,11032.95,11132.78,11009.55,11095.76,21957534
2020-09-22,11094.41,11245.85,10880.42,11127.55,10435307
2020-09-23,11124.34,11220.64,11061.36,11141.71,17258246
2020-09-24,11150.37,11373.26,11093.93,11217.54,8064576
2020-09-25,11235.6,11331.53,11075.72,11253.39,12110013
2020-09-26,11211.21,11377.11,11173.59,11360.35,12649546
2020-09-27,11409.21,11485.27,11269.35,11356.47,14322054
2020-09-28,11293.11,11473.79,11125.82,11370.57,6291320
2020-09-29,11347.21,11668.02,11022.07,11431.05,24554066
2020-09-30,11427.82,11694.42,11272.69,11529.28,6674274
2020-10-01,11543.54,11838.14,11419.62,11605.22,19547282
2020-10-02,11660.1,11824.81,11511.49,11613.55,15917923
2020-10-03,11548.8,12130.8,11285.35,11692.89,16305867
2020-10-04,11675.08,11771.8,11645.06,11742.31,11691530
2020-10-05,11667.39,11970.97,11507.0,11874.76,16799177
2020-10-06,11875.89,11896.59,11834.48,11873.23,18466284
2020-10-07,11882.91,12133.89,11745.86,11986.63,8947672
2020-10-08,12043.83,12213.57,11760.96,11986.72,12069447
2020-10-09,11991.06,12182.69,11791.37,12091.41,7546856
2020-10-10,12129.28,12237.07,12067.98,12115.37,8041491
2020-10-11,12136.59,12293.37,11959.92,12180.37,6790449
2020-10-12,12164.46,12643.44,11898.11,12223.45,10925475
2020-10-13,12171.78,12414.96,12048.38,12269.87,21336539
2020-10-14,12279.99,12504.85,12103.28,12358.47,12897754
2020-10-15,12303.15,12497.24,12216.04,12402.43,14311397
2020-10-16,12450.62,12629.73,12302.79,12487.93,8819079
2020-10-17,12481.86,12628.37,12344.41,12495.4,17097427
2020-10-18,12540.2,12655.69,12429.68,12493.07,13934778
2020-10-19,12475.07,12998.1,12097.92,12556.07,24166995
2020-10-20,12566.19,12838.35,12251.19,12726.13,22898811
2020-10-21,12734.12,12891.29,12666.64,12800.0,24288993
2020-10-22,12798.27,13134.26,12738.07,13041.93,12899009
2020-10-23,13025.0,13183.04,12875.95,13095.39,19486596
2020-10-24,13110.8,13679.7,12621.89,13212.11,14445212
2020-10-25,13175.4,13543.85,13058.41,13374.22,29027108
2020-10-26,13325.7,13620.02,13121.05,13488.18,28302046
2020-10-27,13538.47,13939.76,13410.74,13671.63,20763365
2020-10-28,13701.45,13927.16,13566.99,13825.61,35364391
2020-10-29,13828.34,14118.2,13777.43,14041.95,21922581
2020-10-30,14112.1,14352.58,14035.85,14170.17,16623233
2020-10-31,14158.79,14509.68,14028.58,14298.85,11169451
2020-11-01,14355.59,14481.68,14299.19,14452.18,23282180
2020-11-02,14459.79,14836.5,14279.22,14614.41,31347135
2020-11-03,14569.48,14804.63,14544.42,14759.0,30654803
2020-11-04,14840.83,14970.9,14709.47,14872.54,24940833
2020-11-05,14916.74,15240.84,14690.33,15015.32,21495298
2020-11-06,15009.86,15538.28,14835.33,15250.43,26622137
2020-11-07,15283.7,15431.23,15229.1,15390.08,28768648
2020-11-08,15371.44,15813.22,14930.18,15495.96,19859629
2020-11-09,15534.5,15675.05,15490.67,15609.78,24302963
2020-11-10,15497.81,15874.53,15477.39,15829.93,31295484
2020-11-11,15781.5,16204.11,15640.75,16067.26,35599362
2020-11-12,16114.46,16371.69,15931.69,16244.61,32955717
2020-11-13,16232.44,16497.78,16066.74,16409.41,11237275
2020-11-14,16419.63,16878.53,16156.82,16641.94,12839303
2020-11-15,16574.7,16832.7,16415.27,16744.89,35338718
2020-11-16,16837.71,17062.37,16776.02,16900.77,33624476
2020-11-17,16961.13,17063.76,16894.91,17016.03,22387717
2020-11-18,17005.78,17512.65,16819.39,17198.62,29585042
2020-11-19,17177.74,17585.01,16884.36,17413.4,42276521
2020-11-20,17467.19,17789.61,17403.68,17679.95,42952902
2020-11-21,17785.1,18053.81,17732.84,17946.06,37185147
2020-11-22,17997.41,18526.52,17741.76,18159.01,15818047
2020-11-23,18277.32,18299.14,18169.86,18222.22,34438048
2020-11-24,18171.8,18485.32,18130.79,18390.39,14214917
2020-11-25,18345.18,18839.33,18073.42,18561.56,43206134
2020-11-26,18495.35,18828.63,18428.6,18806.98,17870075
2020-11-27,18831.91,19157.76,18775.09,19101.22,36058336
2020-11-28,19111.29,19516.47,19016.63,19353.32,32231504
2020-11-29,19344.5,19984.82,18882.53,19524.28,38367347
2020-11-30,19571.68,19885.94,19401.36,19700.0,32228086
2020-12-01,19772.83,20399.35,19191.07,19928.99,16036191
2020-12-02,19837.77,20349.29,19782.9,20293.04,41712803
2020-12-03,20256.69,20676.31,20159.01,20616.39,26024846
2020-12-04,20667.11,20925.28,20479.15,20796.33,23498603
2020-12-05,20767.15,21100.81,20536.39,20954.9,46139945
2020-12-06,20904.72,21262.57,20712.99,21067.9,37675185
2020-12-07,21132.28,21839.23,20897.18,21374.03,44044224
2020-12-08,21291.35,21765.8,21243.41,21711.52,38215754
2020-12-09,21691.88,22148.47,21659.46,22107.77,46064901
2020-12-10,22129.56,22438.53,22079.33,22394.1,44162839
2020-12-11,22355.55,22815.08,22178.19,22630.66,40642316
2020-12-12,22683.83,22975.21,22543.33,22866.89,55364368
2020-12-13,22827.87,23376.87,22708.14,23110.0,37759387
2020-12-14,23207.66,23690.8,23099.73,23541.44,42660163
2020-12-15,23532.56,24271.13,23146.99,23732.31,52455561
2020-12-16,23780.1,24587.33,23056.12,24091.53,31984189
2020-12-17,24145.45,24473.0,23887.91,24389.9,38549260
2020-12-18,24343.98,24925.96,24271.2,24795.91,59687488
2020-12-19,24643.16,25249.99,24431.09,25083.63,15556750
2020-12-20,25110.77,25468.97,24998.72,25247.73,31438750
2020-12-21,25253.2,25688.06,25099.33,25552.66,41788258
2020-12-22,25595.27,26129.72,25404.93,25974.68,15097143
2020-12-23,25957.03,26241.45,25842.1,26179.05,64754400
2020-12-24,26145.25,26840.38,25919.52,26621.46,27460882
2020-12-25,26781.87,26939.49,26684.84,26767.79,32031214
2020-12-26,26649.55,27656.05,26427.83,27235.89,54291115
2020-12-27,27295.86,27904.35,26918.27,27442.76,34051773
2020-12-28,27395.45,27986.82,27258.66,27927.37,49139400
2020-12-29,27899.23,29048.5,27384.93,28183.93,63283333
2020-12-30,28157.12,28722.16,28043.33,28601.35,61763703
2020-12-31,28532.41,29035.58,28425.61,29000.0,93352991
2021-01-01,29049.7,30934.44,28786.59,30340.11,35552840
2021-01-02,30466.69,31723.05,30362.69,31631.58,33834667
2021-01-03,31676.18,33278.8,31215.49,32779.61,61658794
2021-01-04,32789.78,34573.7,32520.86,34351.51,35328259
2021-01-05,34249.85,36966.26,33889.15,35822.86,83627015
2021-01-06,35878.4,37668.43,35018.98,37375.07,76283264
2021-01-07,37616.85,39095.82,37494.3,38998.59,97530214
2021-01-08,38954.05,40792.96,38863.94,40700.0,46350129
2021-01-09,40654.09,41368.69,39899.37,40290.84,64025416
2021-01-10,40223.02,40341.78,39583.21,39699.83,57954283
2021-01-11,39641.54,39719.88,38616.21,38793.23,41288151
2021-01-12,38473.73,38623.52,37705.71,38128.98,74019106
2021-01-13,38175.31,38308.85,37409.64,37524.69,66163769
2021-01-14,37429.51,37586.29,36973.52,37210.3,80468139
2021-01-15,37030.54,37553.13,36495.6,36763.61,89499983
2021-01-16,36846.68,36919.0,36061.9,36132.32,77495351
2021-01-17,36015.03,36127.39,35371.21,35449.83,75111444
2021-01-18,35413.82,36098.29,34069.41,34769.7,25620487
2021-01-19,34922.66,35745.02,34019.3,34318.45,28770057
2021-01-20,34173.37,34261.94,33757.3,33870.13,73671274
2021-01-21,33714.41,34033.71,32891.18,33420.59,38540998
2021-01-22,33447.59,33878.05,32359.45,32822.98,45284189
2021-01-23,32936.16,33436.62,31676.55,32272.98,30214933
2021-01-24,32120.56,32273.55,31647.74,31782.37,32372727
2021-01-25,31821.24,32221.61,30900.68,31329.63,63270946
2021-01-26,31384.24,31608.33,30856.84,30993.95,38276451
2021-01-27,30802.48,31168.47,29790.32,30400.0,56839679
2021-01-28,30472.82,31377.68,30327.83,31301.69,31334583
2021-01-29,31384.01,32174.48,31256.27,31890.17,75818185
2021-01-30,31860.34,33098.22,31585.33,32794.78,79666316
2021-01-31,32917.99,33866.25,32321.22,33656.49,53205439
2021-02-01,33771.24,35706.88,32896.03,34525.39,89521327
2021-02-02,34536.07,35576.35,34395.02,35468.02,48756449
2021-02-03,35419.99,37175.37,34971.75,36529.76,85330234
2021-02-04,36423.15,37828.43,36278.79,37477.6,80909383
2021-02-05,37473.37,38974.11,36617.49,38140.15,111380905
2021-02-06,38205.34,39473.9,37628.03,39084.69,50145623
2021-02-07,39046.68,40296.96,38875.39,40085.48,42449111
2021-02-08,39821.21,41538.13,39695.82,41394.61,50518501
2021-02-09,41552.16,42773.92,40556.98,42148.55,46074650
2021-02-10,42172.61,43560.36,42062.23,43407.71,46312983
2021-02-11,43358.28,45100.16,42744.7,44306.28,73431787
2021-02-12,44420.21,45898.8,44314.34,45758.25,75475966
2021-02-13,45967.55,47250.2,44743.72,46836.84,132939551
2021-02-14,46443.14,48511.79,45719.75,48077.14,55622022
2021-02-15,48139.78,49830.61,47203.69,49178.48,149313502
2021-02-16,48967.99,50810.09,48532.13,50533.16,136155917
2021-02-17,50608.83,52087.12,50531.46,51975.53,148443472
2021-02-18,51995.48,53537.46,51844.47,53449.94,160238115
2021-02-19,53551.87,56327.44,52572.49,55007.22,128290112
2021-02-20,54924.83,57004.08,54156.6,56192.47,138597324
2021-02-21,55876.69,58047.51,54235.04,57500.0,111374393
2021-02-22,57422.31,58460.05,55154.77,55560.8,116026953
2021-02-23,55628.61,55769.8,53691.94,53755.24,186162454
2021-02-24,53918.99,54145.8,51428.55,51540.71,93318276
2021-02-25,51359.52,51766.39,48940.61,49746.39,44636840
2021-02-26,49899.67,50118.3,47844.13,48268.95,128875913
2021-02-27,48175.14,49238.16,45946.4,46763.13,108813903
2021-02-28,46813.98,47409.92,44288.21,45100.0,114319196
2021-03-01,45031.01,47350.43,44304.78,46163.77,41935289
2021-03-02,46189.0,47457.08,46007.0,47274.25,90312935
2021-03-03,47400.74,49083.01,46437.76,48064.26,65697522
2021-03-04,47887.33,51040.21,47002.67,49430.01,139481493
2021-03-05,49329.19,50820.39,49251.5,50718.32,51181800
2021-03-06,50746.46,52736.02,50289.83,52031.44,121548207
2021-03-07,52406.31,53552.12,51911.44,52873.93,48183204
2021-03-08,52737.01,54241.63,52680.81,54037.19,44135295
2021-03-09,54367.92,56316.7,53672.37,55439.82,77035257
2021-03-10,55773.2,58438.19,54335.53,57185.56,87361006
2021-03-11,57168.86,58891.55,56790.83,58696.22,118159109
2021-03-12,58643.72,60599.01,57201.8,59864.75,60389940
2021-03-13,59740.46,61358.93,59659.37,61200.0,76120210
2021-03-14,61187.48,61526.38,61039.45,61432.41,49556019
2021-03-15,61173.16,62220.46,60671.76,61433.48,111472259
2021-03-16,61419.43,61957.79,60497.55,61487.86,36602690
2021-03-17,61763.98,62131.35,60976.93,61337.06,71086507
2021-03-18,61224.61,63066.42,60289.34,61707.97,92613386
2021-03-19,61663.4,62649.44,60710.15,61822.62,119816579
2021-03-20,61507.11,62563.84,60479.15,61935.77,112279041
2021-03-21,62005.28,62447.79,61351.41,61954.4,116458808
2021-03-22,62003.56,63449.44,61393.42,62016.53,37066139
2021-03-23,62028.39,62508.04,61676.18,62034.28,110929713
2021-03-24,61993.93,62780.05,59867.07,62081.5,110727834
2021-03-25,62026.98,62395.27,61776.55,62292.89,119241815
2021-03-26,62386.69,63656.92,60966.74,62394.66,67825423
2021-03-27,62389.27,63189.66,62110.56,62780.61,120171676
2021-03-28,62839.93,63074.95,62635.06,62858.77,69870721
2021-03-29,62899.31,63546.71,61979.96,62880.38,94118157
2021-03-30,63092.3,63734.81,62067.06,62781.51,76503622
2021-03-31,62909.02,63825.2,61437.39,63008.88,77179705
2021-04-01,63045.33,64068.13,61811.71,63239.14,87348988
2021-04-02,63527.21,64657.67,62393.33,63385.97,65591689
2021-04-03,63465.89,63745.49,62931.8,63383.19,120372486
2021-04-04,63631.32,65088.65,62326.52,63777.23,96800435
2021-04-05,63893.36,64500.0,63259.35,63925.26,99793826
2021-04-06,63572.02,64989.45,62283.39,63870.13,57734636
2021-04-07,64120.15,64651.87,63923.2,64086.61,142245256
2021-04-08,64112.6,65217.23,62755.29,64521.45,107199322
2021-04-09,64511.4,65284.73,64171.09,64892.04,53246931
2021-04-10,64946.81,66531.8,63542.34,64791.12,114963260
2021-04-11,64724.06,65969.3,63950.49,64494.94,51734535
2021-04-12,64538.87,64925.26,63974.67,64318.66,40481746
2021-04-13,64204.45,65245.58,62936.17,64504.11,90937978
2021-04-14,64750.7,64946.2,64677.36,64800.0,113816911
2021-04-15,64777.92,66864.23,61962.1,63762.09,71384560
2021-04-16,63688.91,64413.36,60786.85,62394.4,97554950
2021-04-17,62221.27,62837.08,59540.89,60744.03,169266742
2021-04-18,60793.01,62035.41,57882.2,59370.15,83464876
2021-04-19,59403.47,59610.04,57417.96,57839.22,58553516
2021-04-20,57906.62,58203.78,56570.33,56739.0,166382166
2021-04-21,56564.15,56926.43,54761.17,55393.06,68040353
2021-04-22,55126.98,55723.53,54180.36,54594.63,104885848
2021-04-23,54697.1,55157.95,53538.99,53875.04,64723711
2021-04-24,54114.99,54858.08,52423.93,52749.56,107757783
2021-04-25,52587.14,53419.0,50904.74,51321.27,86465262
2021-04-26,51565.98,51767.26,49820.77,49882.17,137729498
2021-04-27,49924.65,50299.04,48243.91,48830.88,80919330
2021-04-28,48829.84,49836.71,46641.11,47751.77,90264592
2021-04-29,47694.81,48058.92,46408.62,46860.01,131827139
2021-04-30,46665.38,47446.15,44572.05,45764.91,126669926
2021-05-01,45900.52,45950.95,44727.42,44860.63,43625896
2021-05-02,44756.25,45096.71,43162.67,43760.62,109288320
2021-05-03,43658.24,43743.79,42755.5,42828.77,65200922
2021-05-04,42956.22,43043.24,41774.51,41932.45,87448677
2021-05-05,41695.57,42020.55,40788.33,40888.5,64437315
2021-05-06,40701.61,40855.71,39757.15,39900.79,67249567
2021-05-07,39898.62,40266.78,38581.6,38843.67,39675659
2021-05-08,38877.85,39242.98,37801.68,38098.85,70927900
2021-05-09,38154.25,38582.84,36975.47,37394.51,67080391
2021-05-10,37360.66,37585.62,36467.86,36723.46,39582584
2021-05-11,37002.23,37074.74,35904.95,36035.34,69700610
2021-05-12,36010.7,36539.63,34265.65,35182.04,98241492
2021-05-13,35157.68,35315.69,34238.5,34434.54,84969685
2021-05-14,34352.2,34692.74,33206.96,33453.0,59409493
2021-05-15,33465.43,33850.74,32316.47,32693.77,87861039
2021-05-16,32754.09,32972.09,31829.05,31984.41,58419962
2021-05-17,32099.89,32349.19,30563.84,31440.52,31603056
2021-05-18,31300.05,31581.95,30430.9,30763.45,60820920
2021-05-19,30740.74,30798.31,29906.01,30000.0,23518316
2021-05-20,30040.2,31102.46,28846.46,30024.27,54906557
2021-05-21,30077.15,30473.37,29615.37,30185.63,68252167
2021-05-22,30186.22,30539.18,30006.6,30425.72,38528136
2021-05-23,30475.23,31324.16,30074.29,30754.56,40892403
2021-05-24,30679.93,31192.89,30491.58,30991.1,37490836
2021-05-25,31135.94,31692.36,30490.27,31097.14,31225978
2021-05-26,31189.75,32395.37,30637.71,31224.81,55575069
2021-05-27,31098.82,31408.79,30923.86,31306.57,51062265
2021-05-28,31205.59,31903.35,30857.21,31530.9,21265883
2021-05-29,31431.87,32089.62,31161.12,31738.17,65214668
2021-05-30,31802.72,32917.71,31183.24,32005.84,26213176
2021-05-31,31882.48,32122.18,31812.57,32084.52,64325325
2021-06-01,32052.66,32222.3,31978.36,32055.07,38955419
2021-06-02,32098.79,32429.21,31948.71,32281.21,51188317
2021-06-03,32274.81,32578.26,32203.02,32463.65,23538116
2021-06-04,32488.86,32934.73,32162.37,32748.75,36315039
2021-06-05,32644.04,33219.48,32289.25,32896.72,62486294
2021-06-06,32955.42,33242.85,32861.88,33085.9,48575355
2021-06-07,33025.04,33500.26,32914.45,33429.26,64702142
2021-06-08,33396.7,33648.09,32936.19,33500.0,49661202
2021-06-09,33523.89,33773.59,33027.59,33352.85,83631298
2021-06-10,33363.16,33482.52,32717.96,32811.36,76136591
2021-06-11,32813.72,33389.82,32110.9,32523.36,47080677
2021-06-12,32450.12,32926.71,31620.23,32156.01,50082358
2021-06-13,32127.11,32839.71,31324.09,31905.79,70326234
2021-06-14,31906.0,32857.97,31188.69,31494.49,34223140
2021-06-15,31364.57,31925.96,30031.95,31013.27,64843988
2021-06-16,30970.24,31100.16,30493.33,30755.12,53908929
2021-06-17,30790.89,31289.2,29916.09,30350.75,57076182
2021-06-18,30234.43,30484.5,29966.25,30071.46,24235437
2021-06-19,30175.8,30455.52,29395.4,29619.87,53674293
2021-06-20,29732.69,30428.03,28725.95,29473.66,33294617
2021-06-21,29363.56,29458.61,29183.13,29224.34,57573636
2021-06-22,29343.37,29481.36,28875.39,29000.0,37772021
2021-06-23,28987.51,29952.99,28336.87,29044.47,27589453
2021-06-24,29080.93,29549.16,28573.74,28983.98,62620552
2021-06-25,28940.8,29099.18,28513.3,28810.16,52263802
2021-06-26,28889.94,29445.93,28187.43,28955.72,62444955
2021-06-27,28990.99,29458.41,28624.11,29086.0,31682431
2021-06-28,29014.96,30041.89,28718.61,29145.13,44739142
2021-06-29,29043.25,29283.19,28868.59,29084.61,43085094
2021-06-30,28957.19,29381.78,28562.31,29150.26,48911771
2021-07-01,29166.69,30343.58,28773.4,29289.77,17582022
2021-07-02,29340.08,29748.99,29012.33,29402.22,28417162
2021-07-03,29459.64,29874.85,29015.42,29356.88,60722169
2021-07-04,29346.49,29795.34,28794.99,29195.91,35835395
2021-07-05,29094.57,29220.95,28765.01,29078.07,58881078
2021-07-06,29018.57,30068.32,27728.2,29140.97,24628419
2021-07-07,29241.71,29687.65,29049.01,29185.18,59129617
2021-07-08,29142.75,29371.08,28983.52,29163.34,45836610
2021-07-09,29175.89,29293.89,29042.59,29187.24,51405133
2021-07-10,29093.06,29779.46,28334.02,29271.96,34042823
2021-07-11,29301.52,30122.61,28883.47,29362.42,56970418
2021-07-12,29322.1,29571.28,29082.39,29299.49,38743051
2021-07-13,29391.5,29602.44,29051.06,29304.07,46171025
2021-07-14,29372.07,29447.7,29153.42,29251.89,20568137
2021-07-15,29208.39,29844.1,28943.78,29390.65,45761388
2021-07-16,29379.48,29863.98,28934.28,29501.8,55469122
2021-07-17,29453.02,30127.06,28891.34,29451.85,24379065
2021-07-18,29326.44,29516.18,29177.05,29336.08,52506413
2021-07-19,29260.62,29351.93,29111.76,29168.79,19260285
2021-07-20,29186.13,29566.51,29067.16,29500.0,75145391
2021-07-21,29528.79,30061.66,29468.48,30013.71,86779742
2021-07-22,30027.08,31322.87,29457.63,30710.67,45863769
2021-07-23,30682.87,32403.46,29973.71,31398.79,29350416
2021-07-24,31486.68,32363.06,31008.93,32050.31,73769522
2021-07-25,32056.42,33672.79,31634.81,32926.84,27135033
2021-07-26,32996.3,34235.55,32486.81,33771.08,61017778
2021-07-27,33591.38,35004.1,33196.38,34575.64,45834420
2021-07-28,34168.78,35657.42,33994.23,35371.7,61227368
2021-07-29,35401.81,36377.92,34975.4,36133.15,28301124
2021-07-30,35978.71,37153.88,35870.97,37009.5,32882740
2021-07-31,36985.92,38522.65,36568.05,38006.42,31041876
2021-08-01,37971.98,39551.1,37755.08,39068.32,78674729
2021-08-02,39254.37,40374.21,38617.99,39868.27,75811409
2021-08-03,39916.12,41227.77,39660.79,40703.35,49632072
2021-08-04,40723.6,41847.63,40396.31,41588.62,89852922
2021-08-05,41693.05,42667.89,41564.37,42565.48,113611648
2021-08-06,42612.54,44124.95,42044.8,43547.62,57336102
2021-08-07,43487.83,45209.14,43061.58,44500.0,91129979
2021-08-08,44643.04,45018.59,44488.33,44881.71,68538529
2021-08-09,44732.28,45278.1,44355.07,44931.78,26805925
2021-08-10,44975.35,45711.7,44482.5,45118.86,56561397
2021-08-11,44909.38,45720.0,44634.42,45524.06,67968241
2021-08-12,45551.92,46228.27,45258.91,45941.52,78927845
2021-08-13,45968.11,46519.89,45553.14,46114.72,47871838
2021-08-14,46346.65,46526.74,46246.6,46380.81,92953878
2021-08-15,46163.06,47217.21,45716.1,46416.12,81142603
2021-08-16,46332.44,46861.9,46162.94,46752.57,56880529
2021-08-17,46867.96,47743.89,46194.85,47099.96,35410691
2021-08-18,47147.34,49048.06,45497.61,47487.69,38666524
2021-08-19,47513.38,47825.83,47328.85,47617.45,60155624
2021-08-20,47480.86,48385.0,47098.56,47555.77,67739162
2021-08-21,47471.48,48170.63,47304.68,47904.91,90225447
2021-08-22,48083.84,48989.69,47513.81,48241.15,90728521
2021-08-23,48233.7,48789.87,48128.99,48683.51,44509526
2021-08-24,48738.34,49495.28,48062.56,49024.56,72626154
2021-08-25,49007.62,49281.09,48837.04,49181.22,29792335
2021-08-26,49006.66,50042.89,48466.23,49527.81,54476691
2021-08-27,49666.56,49815.82,49345.3,49532.55,91733077
2021-08-28,49607.33,51071.38,48375.6,49842.2,58750762
2021-08-29,50186.96,50272.86,49916.09,50022.37,102803529
2021-08-30,49869.97,51472.25,49333.84,50452.81,108220954
2021-08-31,50577.31,51244.52,50118.68,50684.96,79485214
2021-09-01,50485.53,51382.52,49854.82,50967.7,41676070
2021-09-02,50991.76,52130.85,50507.94,51323.55,60711580
2021-09-03,51473.9,51726.05,51187.91,51595.64,27470724
2021-09-04,51274.9,51941.85,50407.89,51686.94,83886836
2021-09-05,51655.16,53591.06,50190.54,52089.83,108378333
2021-09-06,52001.82,52720.71,51906.31,52613.4,78524100
2021-09-07,52502.61,54270.62,51128.64,52700.0,119623787
2021-09-08,52760.9,53442.8,50867.9,51772.92,130445128
2021-09-09,51946.99,52146.76,50366.55,50524.62,117909254
2021-09-10,50504.42,50659.17,49544.85,49732.3,63084647
2021-09-11,49762.96,50484.61,48440.26,48714.2,121195836
2021-09-12,48730.91,49053.01,47533.06,47796.22,102035926
2021-09-13,47796.48,49529.43,45936.13,46741.53,62829660
2021-09-14,46588.77,46911.09,45026.46,45717.25,128912283
2021-09-15,45869.27,46050.62,44657.45,44749.3,119962642
2021-09-16,44788.93,44952.5,43773.27,43871.29,81211858
2021-09-17,43923.27,44317.19,42387.33,43082.77,104942762
2021-09-18,42978.53,43093.28,41909.53,42263.71,49614196
2021-09-19,42205.49,42501.9,41313.63,41596.59,61424553
2021-09-20,41574.61,42402.32,40118.97,40944.14,46423191
2021-09-21,40755.7,40940.45,39857.03,40000.0,72035467
2021-09-22,39797.44,41133.13,39228.66,40813.55,65911642
2021-09-23,40739.99,41864.23,40540.51,41422.05,47573466
2021-09-24,41486.98,42728.71,40603.39,42254.53,85455737
2021-09-25,42171.73,43502.29,41323.22,42972.96,39568807
2021-09-26,42841.61,44251.63,42560.33,43748.03,34966188
2021-09-27,43641.11,44798.01,43294.31,44511.18,61460631
2021-09-28,44450.37,45300.32,44204.79,45138.0,68169287
2021-09-29,45090.08,46029.93,44935.23,45938.74,61606809
2021-09-30,46237.18,47293.85,45465.91,46786.25,56953113
2021-10-01,46934.28,48869.59,46030.87,47657.67,62754866
2021-10-02,47804.18,48525.3,47625.07,48387.11,48236440
2021-10-03,48556.75,49483.54,48441.11,49204.83,74857617
2021-10-04,49057.39,50209.04,48893.56,50131.26,130425407
2021-10-05,49947.43,51861.24,48715.09,51136.6,61352109
2021-10-06,50966.8,52845.9,50564.53,52246.35,105211490
2021-10-07,52455.52,53630.31,51745.11,53079.8,46298791
2021-10-08,52992.66,53934.77,52763.37,53674.04,68821855
2021-10-09,53472.55,54916.58,52576.77,54328.42,76016538
2021-10-10,54258.17,55703.18,54174.68,55483.43,148752026
2021-10-11,55443.72,57090.63,55040.74,56612.4,90957057
2021-10-12,56657.98,58181.7,56264.25,57764.23,110338089
2021-10-13,57807.72,58555.98,57624.23,58468.46,114523816
2021-10-14,58323.19,59754.71,58152.17,59624.41,52772224
2021-10-15,59747.05,61379.32,58946.07,60351.47,173365389
2021-10-16,60235.74,62046.83,59795.87,61873.9,89171436
2021-10-17,61844.89,64231.6,60975.53,63156.48,48003233
2021-10-18,63286.6,64688.48,62972.02,64230.72,75305567
2021-10-19,64107.05,65292.21,63596.18,64979.86,85677271
2021-10-20,64868.87,66662.44,64429.98,66000.0,43806505
2021-10-21,66117.15,66453.3,65957.64,66127.11,100957085
2021-10-22,65956.95,66906.97,65343.79,66350.8,67729834
2021-10-23,66274.21,66948.17,65601.32,66352.88,99075930
2021-10-24,66463.5,66574.41,66068.22,66239.2,35274781
2021-10-25,66647.39,67691.61,65615.57,66384.8,131843938
2021-10-26,66505.37,66744.77,65751.79,66406.65,55909239
2021-10-27,66500.81,67281.71,65865.78,66785.12,110932523
2021-10-28,66891.47,67357.43,66756.18,67170.94,107185300
2021-10-29,66954.68,68428.35,65087.91,67217.96,56407222
2021-10-30,67241.27,68317.68,65881.3,67580.74,47088397
2021-10-31,67574.71,68560.08,66436.75,67432.92,53640857
2021-11-01,67497.98,68501.24,66903.97,67741.02,61380947
2021-11-02,67764.7,68067.79,67519.34,67880.69,54819475
2021-11-03,67958.01,70061.37,66515.12,68129.88,111697941
2021-11-04,68066.22,69064.88,67129.1,68419.55,81369528
2021-11-05,68431.58,69030.18,68253.15,68595.02,90418222
2021-11-06,68342.35,69576.6,67032.04,68625.09,39843611
2021-11-07,68559.23,69823.66,67516.85,68567.44,130265624
2021-11-08,68853.54,69520.04,67912.39,68360.92,52582457
2021-11-09,68426.3,69198.07,67160.26,68421.2,83215311
2021-11-10,68416.91,69667.57,67361.54,69000.0,52166451
2021-11-11,69392.5,69521.04,68045.86,68158.95,68981739
2021-11-12,67880.7,68330.51,66157.59,66675.9,161636113
2021-11-13,66453.97,67830.04,63748.65,64617.14,143864241
2021-11-14,64949.16,65700.08,62494.71,63173.69,126013425
2021-11-15,63182.4,63536.15,61941.36,62174.74,108806981
2021-11-16,62129.49,62232.76,60963.84,61187.46,170594227
2021-11-17,60967.33,61146.3,59306.84,59824.51,108790140
2021-11-18,59904.86,60225.03,58213.26,58501.29,97554613
2021-11-19,58596.84,58945.89,56635.38,57271.97,69501050
2021-11-20,57083.92,57552.0,55891.07,56147.3,55025205
2021-11-21,56123.67,56241.49,54542.37,54710.69,103934283
2021-11-22,54655.62,56595.73,51503.95,53515.97,75727203
2021-11-23,53557.06,54749.32,50679.27,52297.68,86883808
2021-11-24,52122.07,52296.92,51341.2,51534.6,52182231
2021-11-25,51728.15,53505.67,49287.85,50886.93,120688673
2021-11-26,51026.74,51272.56,49439.25,49997.27,143296659
2021-11-27,49942.8,50728.81,48581.72,48913.91,72661042
2021-11-28,48882.15,49415.84,47318.33,47665.99,118001834
2021-11-29,47646.49,47978.84,46429.09,46703.61,116072113
2021-11-30,46594.56,47551.62,44812.2,45831.45,130222868
2021-12-01,45770.48,46225.69,44346.52,44857.84,60601697
2021-12-02,44821.47,45015.5,43974.18,44112.72,107062057
2021-12-03,44326.16,44379.8,42890.69,43042.4,53873306
2021-12-04,43164.64,43313.06,41784.88,42000.0,65266379
2021-12-05,42117.77,42295.21,42043.32,42170.62,81831426
2021-12-06,42217.42,43128.93,41956.6,42689.5,75052771
2021-12-07,42546.4,43053.91,42434.33,42883.42,41255110
2021-12-08,42878.09,43444.85,42512.76,43283.48,85807630
2021-12-09,43409.5,44412.33,42817.42,43539.03,61904420
2021-12-10,43374.68,44524.62,42341.29,44097.68,44663912
2021-12-11,44181.89,44858.7,43630.27,44601.17,65221298
2021-12-12,44911.94,45139.38,44407.25,44853.28,89735761
2021-12-13,44996.15,45747.92,44047.43,45110.17,94946391
2021-12-14,45301.53,46185.9,44827.62,45288.39,85246747
2021-12-15,45318.06,46180.16,44967.96,45651.3,26627429
2021-12-16,45783.86,46079.66,45690.33,45987.3,38133437
2021-12-17,45888.27,47105.72,45469.54,46403.8,38418852
2021-12-18,46514.59,48006.84,45992.48,47210.08,36732983
2021-12-19,47302.77,48013.16,47173.39,47667.3,56706431
2021-12-20,47708.76,48595.73,46906.2,47922.54,48809838
2021-12-21,48111.74,48353.61,47719.51,47948.16,38278061
2021-12-22,47870.66,48954.09,47560.88,48405.08,117946915
2021-12-23,48377.92,49771.58,48187.4,49219.17,77716015
2021-12-24,49233.26,49906.03,48684.23,49488.65,85143337
2021-12-25,49335.79,50795.16,48954.8,49526.27,60217475
2021-12-26,49559.99,50289.03,49359.1,49897.59,69091412
2021-12-27,49640.28,51039.96,49078.94,50500.0,60795187
2021-12-28,50658.61,50963.31,49806.34,49911.87,79002915
2021-12-29,49918.85,50426.15,48531.6,48995.22,100568353
2021-12-30,48918.66,49298.97,47458.12,47892.75,74714920
2021-12-31,47772.87,47933.64,47164.12,47273.42,108948653
2022-01-01,47240.15,47697.63,45697.57,46536.45,96908640
2022-01-02,46632.54,47849.31,45259.42,46244.42,75289838
2022-01-03,46320.41,46595.82,45329.31,45431.35,51298216
2022-01-04,45335.19,45963.64,44269.8,44719.15,119422265
2022-01-05,44605.65,45486.38,43490.43,43841.57,87050515
2022-01-06,43927.97,44864.54,42962.63,43317.66,85381373
2022-01-07,43223.79,43343.92,42381.24,42559.9,87882233
2022-01-08,42567.55,43697.61,41344.85,41972.33,35127603
2022-01-09,41987.92,42102.79,40966.58,41210.27,30369687
2022-01-10,41248.85,41410.57,40364.28,40746.03,36841484
2022-01-11,40850.95,42208.97,39710.94,40258.84,36701111
2022-01-12,40106.31,40512.04,39391.45,39727.25,59838601
2022-01-13,39499.48,39767.98,38680.16,39068.25,40690005
2022-01-14,39001.74,39204.18,37898.91,38257.79,88945381
2022-01-15,38464.56,39160.31,37022.59,37674.72,67265941
2022-01-16,37903.28,38034.72,37019.55,37098.37,42953415
2022-01-17,37302.17,37405.89,36791.81,36912.54,29931979
2022-01-18,36891.17,37333.86,36076.53,36282.13,61720683
2022-01-19,36088.15,37088.61,35470.68,35870.53,33437759
2022-01-20,35618.39,36028.3,34792.28,35186.45,70053968
2022-01-21,35121.63,35343.71,34511.54,34776.69,76279097
2022-01-22,34756.03,35099.68,34082.22,34277.47,60099522
2022-01-23,34411.22,34678.3,33527.31,33707.86,34673720
2022-01-24,33795.62,33957.19,32530.44,33000.0,76374914
2022-01-25,33022.51,33787.02,32679.16,33622.67,44775301
2022-01-26,33532.91,34634.03,33145.01,34269.36,39364027
2022-01-27,34170.58,35610.11,33905.6,34915.9,55248734
2022-01-28,34942.52,36029.42,34362.65,35461.0,80999258
2022-01-29,35535.15,36184.48,35364.98,35837.64,43240357
2022-01-30,35879.77,36830.67,34993.28,36331.05,89963266
2022-01-31,36218.28,37370.7,35867.44,36934.99,30129389
2022-02-01,37007.08,37798.46,36937.99,37683.45,33334730
2022-02-02,37731.6,38882.34,37418.61,38464.84,80897507
2022-02-03,38341.29,39428.87,38043.55,39154.83,41306913
2022-02-04,39062.7,40536.81,38152.79,39825.13,49754175
2022-02-05,39907.39,40776.34,39642.44,40385.55,40058672
2022-02-06,40357.14,41373.76,40197.13,41209.09,50586312
2022-02-07,41405.55,41960.81,40919.41,41682.07,50179045
2022-02-08,41744.74,42795.09,41104.56,42323.05,88887938
2022-02-09,42261.26,43376.13,42026.58,42976.84,98524571
2022-02-10,42975.53,44766.66,42381.49,44000.0,91776919
2022-02-11,44008.37,44703.51,43010.71,44174.7,75064440
2022-02-12,44078.17,44426.48,43859.31,44017.91,68174805
2022-02-13,43897.4,44284.72,43747.91,44027.28,69632158
2022-02-14,44119.92,44275.72,43950.41,44084.79,85878671
2022-02-15,44196.58,44650.96,43714.19,44234.1,42980077
2022-02-16,44314.22,45410.72,43009.76,44170.17,44313683
2022-02-17,44370.97,44522.83,43896.2,44293.62,75864189
2022-02-18,44221.63,44992.86,43942.47,44432.31,39172015
2022-02-19,44655.49,45837.8,43893.09,44330.71,90061129
2022-02-20,44210.9,45370.79,43667.72,44524.77,65380816
2022-02-21,44389.5,45348.81,44015.64,44808.98,50109238
2022-02-22,44572.4,45373.05,44399.11,45205.34,80369749
2022-02-23,45144.89,46098.53,44437.89,45050.87,45397916
2022-02-24,44982.79,45090.28,44871.36,44959.64,87475688
2022-02-25,45030.58,45109.72,44895.36,44960.49,99467769
2022-02-26,44993.39,45659.66,44709.26,45231.3,73075022
2022-02-27,45069.42,45680.18,44898.2,45405.25,30536481
2022-02-28,45351.75,45672.98,44912.01,45398.2,40925137
2022-03-01,45347.61,45480.33,45209.0,45415.09,59133808
2022-03-02,45173.12,46347.89,44426.76,45466.72,92380204
2022-03-03,45332.92,46626.71,44942.29,45792.47,37892050
2022-03-04,45686.57,46049.15,45370.52,45940.16,31670646
2022-03-05,46137.75,47403.19,45424.73,46054.85,29166717
2022-03-06,46081.3,46285.42,45744.91,45973.59,61928092
2022-03-07,46064.92,47186.58,45204.98,46131.49,85491459
2022-03-08,45924.09,46379.69,45514.41,46164.52,26378744
2022-03-09,46329.91,47029.64,45761.41,46132.29,39002641
2022-03-10,46312.36,46588.65,45900.86,46208.3,74552606
2022-03-11,45931.28,47360.36,45100.63,46318.6,84908092
2022-03-12,46220.59,46531.09,46060.89,46444.25,84300342
2022-03-13,46513.33,47401.07,45517.26,46303.12,78704831
2022-03-14,46392.63,47336.89,45967.91,46333.72,34722646
2022-03-15,46239.41,47229.8,45203.8,46516.15,54402081
2022-03-16,46473.51,48685.29,45630.66,46672.51,95418483
2022-03-17,46588.87,47185.34,46414.63,46751.96,101565308
2022-03-18,46767.44,47644.85,45701.47,46974.83,71022040
2022-03-19,47143.54,47402.85,46837.15,47156.01,75757913
2022-03-20,47046.93,47939.14,46476.01,47220.29,91413417
2022-03-21,47362.07,47747.52,46748.07,47209.31,59448043
2022-03-22,47098.6,47536.03,46831.54,47039.83,34626738
2022-03-23,46920.22,47958.81,45574.44,47142.59,76320286
2022-03-24,47258.37,47780.56,46917.6,47323.68,98622315
2022-03-25,47454.57,47670.77,47349.32,47499.11,75552306
2022-03-26,47620.43,48080.45,47088.75,47430.28,88112727
2022-03-27,47243.06,47753.66,46414.43,47217.82,59951352
2022-03-28,47151.82,47895.28,46635.36,47500.0,38337828
2022-03-29,47617.28,47862.61,46485.64,46901.67,39317814
2022-03-30,46907.51,48258.25,45614.08,46637.13,105178784
2022-03-31,46486.9,46612.69,46239.27,46304.86,62401933
2022-04-01,46368.52,46635.38,45665.41,46103.44,25398740
2022-04-02,46004.57,46197.55,45801.22,45957.14,97903660
2022-04-03,46204.55,46853.33,45503.88,45722.64,59962483
2022-04-04,45934.54,46440.56,45342.39,45603.86,91708008
2022-04-05,45686.51,46199.44,44559.93,45270.4,61690832
2022-04-06,45455.24,45703.71,44857.25,45201.9,36418732
2022-04-07,45210.68,45572.55,44235.2,44671.51,70559537
2022-04-08,44774.09,45259.53,44106.07,44426.45,109251130
2022-04-09,44623.4,44830.12,43727.17,43911.16,25449502
2022-04-10,43943.5,44517.53,43608.85,43801.95,89616126
2022-04-11,43768.42,44140.38,43164.55,43450.03,38736870
2022-04-12,43227.83,43959.86,42622.74,43352.49,58126254
2022-04-13,43341.68,43744.47,42672.91,42855.73,53544738
2022-04-14,42961.59,43280.65,42100.74,42470.59,88275601
2022-04-15,42591.07,43045.86,42025.19,42205.96,59168180
2022-04-16,42269.82,42901.57,41370.01,41962.2,52036267
2022-04-17,41894.06,41976.64,41693.11,41837.99,88452482
2022-04-18,41589.87,41893.12,41255.91,41369.07,24605181
2022-04-19,41307.61,42022.14,39589.62,41291.83,31483671
2022-04-20,41254.13,41389.51,40732.87,40856.46,22436452
2022-04-21,40818.11,40973.52,40711.97,40792.71,71108412
2022-04-22,40868.41,41511.19,39848.16,40511.53,57424307
2022-04-23,40752.86,40844.48,40098.78,40308.64,82285095
2022-04-24,40323.58,40605.87,39873.28,40056.06,57226147
2022-04-25,40030.01,40587.67,38221.13,39765.78,37053173
2022-04-26,39734.85,39824.2,39422.18,39529.26,81388662
2022-04-27,39544.01,39803.34,38845.6,39122.76,39145155
2022-04-28,39025.55,39115.94,38864.61,39000.0,118702667
2022-04-29,39014.06,39613.72,37518.14,37832.05,49641616
2022-04-30,37883.21,38629.21,36447.86,36889.04,38001410
2022-05-01,36912.25,37161.74,36077.4,36205.4,67399262
2022-05-02,36255.09,37037.86,34552.17,35297.93,27670988
2022-05-03,35343.86,35899.79,33643.95,34659.88,28657108
2022-05-04,34475.64,35594.01,32991.5,33809.37,62021245
2022-05-05,33873.97,34171.97,32865.79,33007.07,39883421
2022-05-06,32940.62,33122.55,32101.66,32233.37,23863384
2022-05-07,32127.4,32220.52,31357.08,31523.83,42851260
2022-05-08,31419.38,31597.4,30512.99,30830.56,57691588
2022-05-09,30870.66,31156.04,29845.44,30000.0,58873246
2022-05-10,29979.97,30154.33,28700.65,28802.94,35258618
2022-05-11,28657.6,29450.51,27329.45,27736.09,66363616
2022-05-12,27775.86,28367.95,26472.01,26700.0,45524772
2022-05-13,26584.69,26933.04,26258.27,26581.0,46516343
2022-05-14,26592.15,26813.16,25897.03,26373.14,32763861
2022-05-15,26392.01,26663.51,25801.06,26189.75,19661362
2022-05-16,26259.33,26376.99,25862.94,26107.57,35155625
2022-05-17,26247.12,26567.54,25649.98,26005.86,49332313
2022-05-18,25899.39,26270.91,25544.86,25962.42,32674950
2022-05-19,25958.33,26251.42,25029.91,25902.57,24426237
2022-05-20,25881.1,25940.85,25579.4,25658.6,18821304
2022-05-21,25691.99,25777.29,25339.98,25470.15,53403847
2022-05-22,25486.63,25694.29,25169.76,25349.95,41828432
2022-05-23,25323.14,25796.74,25186.88,25322.06,26594547
2022-05-24,25288.56,25854.8,24982.23,25216.53,25507959
2022-05-25,25132.07,25448.89,24841.78,25124.91,49772597
2022-05-26,25199.37,25250.96,24967.04,25030.71,22030871
2022-05-27,25065.2,25692.36,24471.14,24844.86,37369013
2022-05-28,24913.27,25401.45,24114.8,24652.66,44530836
2022-05-29,24629.7,24731.56,24355.15,24467.34,29938858
2022-05-30,24419.13,24641.14,24114.2,24323.12,16014230
2022-05-31,24244.44,24335.5,24073.29,24109.06,21021767
2022-06-01,24135.02,24267.16,23898.52,24065.65,51209195
2022-06-02,23990.58,24087.23,23802.74,23886.93,31079035
2022-06-03,24019.41,24366.96,23675.67,23871.67,47695983
2022-06-04,23778.03,23950.89,23377.71,23681.29,35860297
2022-06-05,23700.73,23775.88,23467.27,23520.79,52463857
2022-06-06,23631.35,24074.4,22795.36,23327.3,53716293
2022-06-07,23369.23,23427.75,22965.95,23052.55,28385590
2022-06-08,23064.7,23395.28,22723.77,23045.95,24348217
2022-06-09,22978.99,23037.16,22838.46,22952.7,33207166
2022-06-10,22857.56,22993.5,22667.52,22916.48,39219282
2022-06-11,22969.42,23456.24,22429.21,22765.66,29918923
2022-06-12,22868.52,23335.95,22292.2,22704.82,46457758
2022-06-13,22674.92,23031.73,22051.14,22500.0,33831475
2022-06-14,22423.11,22609.78,21218.52,21442.3,42550301
2022-06-15,21284.18,21642.81,20019.52,20390.34,57413405
2022-06-16,20330.35,20482.49,19449.4,19533.07,32426337
2022-06-17,19526.41,19761.08,18536.45,18646.19,45892070
2022-06-18,18735.65,19112.3,17312.45,17600.0,42180493
2022-06-19,17635.54,17972.25,17423.4,17804.0,27550255
2022-06-20,17820.29,17964.89,17776.36,17871.19,35677831
2022-06-21,17849.74,18206.35,17636.32,17905.01,31401065
2022-06-22,17873.69,18342.92,17518.87,18001.17,35292704
2022-06-23,18077.08,18272.09,18009.98,18213.04,29465059
2022-06-24,18224.01,18411.23,18193.58,18363.97,13192480
2022-06-25,18248.14,18916.62,17997.07,18370.51,26518976
2022-06-26,18333.39,18623.19,18064.78,18488.23,17194373
2022-06-27,18440.63,18749.74,18205.47,18541.88,42247249
2022-06-28,18511.49,18700.94,18459.18,18672.02,17324823
2022-06-29,18703.55,18784.73,18644.66,18700.44,19271480
2022-06-30,18694.41,19328.31,18263.38,18904.35,31835008
2022-07-01,18899.99,19200.66,18660.24,19067.73,26963809
2022-07-02,19142.87,19287.9,19017.41,19178.91,10797505
2022-07-03,19138.84,19558.62,18982.41,19234.71,14319621
2022-07-04,19342.28,19389.7,19231.51,19304.2,37119071
2022-07-05,19265.33,19796.96,18890.13,19420.2,24679805
2022-07-06,19425.39,19714.51,18824.04,19384.31,15274010
2022-07-07,19367.96,19606.77,19236.04,19477.23,25595198
2022-07-08,19484.44,19675.9,19321.01,19571.74,20358296
2022-07-09,19597.84,19840.58,19443.05,19750.23,18930008
2022-07-10,19775.94,19970.67,19698.88,19895.73,42019267
2022-07-11,19850.78,20016.43,19825.2,19985.82,26258499
2022-07-12,19918.5,20475.85,19637.92,20245.28,13524650
2022-07-13,20397.32,20630.55,20314.55,20420.13,43917759
2022-07-14,20390.48,20555.84,20353.35,20522.06,35330893
2022-07-15,20565.11,20818.68,20355.18,20539.85,18657466
2022-07-16,20440.79,20766.4,20127.53,20570.99,25505991
2022-07-17,20553.74,21066.69,20172.08,20687.92,41939316
2022-07-18,20680.02,20918.04,20580.03,20822.77,23270399
2022-07-19,20852.3,21174.23,20642.67,20904.59,30471578
2022-07-20,20733.85,21064.32,20656.37,20987.01,31006675
2022-07-21,20997.47,21545.52,20665.7,21128.13,27539579
2022-07-22,21055.26,21751.51,20831.12,21321.32,35138666
2022-07-23,21342.07,21533.45,21300.67,21459.25,29253518
2022-07-24,21392.53,21674.31,21312.44,21595.17,12055614
2022-07-25,21539.75,21815.55,21362.9,21648.79,43464680
2022-07-26,21631.02,22052.98,21563.74,21828.7,16215801
2022-07-27,21759.79,22195.19,21608.63,21947.88,30008257
2022-07-28,21916.57,22241.53,21824.65,22104.87,34008080
2022-07-29,22025.74,22573.74,21606.28,22240.94,36246639
2022-07-30,22118.62,22343.35,22080.39,22291.94,27489310
2022-07-31,22360.01,22467.34,22288.21,22408.73,38794732
2022-08-01,22321.6,22554.25,22259.58,22498.11,17271855
2022-08-02,22486.05,22668.32,22412.21,22612.18,37283974
2022-08-03,22663.25,22803.9,22618.0,22741.02,41360606
2022-08-04,22699.06,23125.46,22265.3,22792.83,47065628
2022-08-05,22736.4,23060.28,22680.33,22936.21,34785048
2022-08-06,22951.78,23426.01,22569.86,23059.53,26332682
2022-08-07,23136.87,23521.88,23003.92,23264.83,19508841
2022-08-08,23183.22,23475.24,23090.66,23410.84,26800847
2022-08-09,23400.3,23649.06,23078.41,23556.21,35486098
2022-08-10,23433.78,24270.52,22980.51,23732.87,22045314
2022-08-11,23704.88,24008.22,23679.75,23933.61,50013503
2022-08-12,23936.06,24343.6,23531.39,24033.44,45624497
2022-08-13,23971.82,24118.07,23927.98,24067.73,13446211
2022-08-14,24034.74,24175.87,23808.77,24087.98,40729179
2022-08-15,23986.22,24605.11,23534.34,24400.0,50254818
2022-08-16,24405.64,24525.86,23966.79,24127.84,23381716
2022-08-17,24204.26,24553.8,23602.8,23987.5,36087554
2022-08-18,23908.54,24051.31,23517.17,23783.61,29937202
2022-08-19,23739.18,23949.24,23272.29,23623.04,20325714
2022-08-20,23658.65,23900.62,23297.55,23525.55,34649766
2022-08-21,23611.09,23729.05,23388.37,23483.57,53050114
2022-08-22,23378.38,23609.28,23139.44,23325.19,28338437
2022-08-23,23313.38,23963.07,22893.05,23139.34,37053620
2022-08-24,23158.99,23195.82,22801.27,22901.81,25069170
2022-08-25,22894.8,22984.99,22529.18,22783.06,47625871
2022-08-26,22613.77,22921.54,22296.51,22610.51,42871979
2022-08-27,22644.5,23080.67,22230.53,22548.09,21075879
2022-08-28,22650.87,22834.06,22253.57,22303.66,45615332
2022-08-29,22311.46,22377.77,22126.95,22185.94,18448147
2022-08-30,22117.31,22188.75,21877.33,22026.91,14616849
2022-08-31,21993.0,22370.39,21661.75,21991.93,33262686
2022-09-01,22108.7,22583.72,21057.84,22016.52,26779556
2022-09-02,22076.63,22244.92,21780.04,21876.24,33706543
2022-09-03,21918.25,21972.28,21614.36,21669.76,40631406
2022-09-04,21692.93,21827.74,21145.31,21379.5,15296777
2022-09-05,21337.1,21754.72,20460.12,21128.1,21514172
2022-09-06,21115.38,21323.46,20713.23,21039.43,29237918
2022-09-07,21034.52,21119.0,20802.46,20864.32,18856259
2022-09-08,20898.72,21320.65,20295.14,20868.82,13799981
2022-09-09,20963.28,21158.65,20393.65,20709.03,14276532
2022-09-10,20778.51,20812.14,20580.5,20611.45,42349001
2022-09-11,20523.68,20708.77,20118.45,20398.38,38689080
2022-09-12,20412.09,20631.42,20143.0,20382.22,17499719
2022-09-13,20427.27,20885.31,19756.61,20200.0,20825884
2022-09-14,20237.5,20466.3,20037.99,20381.56,31028391
2022-09-15,20343.08,20429.83,20273.8,20351.23,41534994
2022-09-16,20529.14,20973.87,20123.66,20408.92,20473780
2022-09-17,20330.73,20407.56,20262.06,20351.1,36448089
2022-09-18,20284.96,20464.01,20128.9,20346.45,28275139
2022-09-19,20360.71,20436.72,20203.28,20240.88,39786508
2022-09-20,20369.42,20942.11,20038.78,20224.77,14802468
2022-09-21,20174.03,20471.28,20016.74,20264.26,44125905
2022-09-22,20248.1,20598.07,19800.16,20376.42,24609108
2022-09-23,20442.27,20812.72,19973.65,20335.84,40350773
2022-09-24,20334.75,20363.17,20283.02,20306.96,26643363
2022-09-25,20286.57,20600.69,20081.63,20412.93,30392537
2022-09-26,20447.57,21200.27,19981.39,20565.63,35669753
2022-09-27,20582.44,20770.51,20402.44,20582.05,33291031
2022-09-28,20645.68,20784.87,20486.65,20560.27,31273298
2022-09-29,20639.92,20891.61,20374.47,20494.35,24577430
2022-09-30,20513.23,20859.96,20164.08,20427.2,37157418
2022-10-01,20445.07,20541.16,20208.06,20348.35,43545985
2022-10-02,20361.42,21027.47,19858.76,20463.56,11461267
2022-10-03,20493.59,20865.28,20237.48,20553.74,29836624
2022-10-04,20557.14,20858.72,20429.82,20605.71,39906355
2022-10-05,20605.67,20772.96,20147.29,20526.85,34192315
2022-10-06,20600.54,20785.82,20369.61,20655.91,39013917
2022-10-07,20749.86,21059.17,20489.4,20769.74,43738508
2022-10-08,20675.81,20981.78,20447.09,20918.13,36965444
2022-10-09,20918.76,21187.44,20569.65,20827.64,34455370
2022-10-10,20784.61,20945.73,20369.3,20775.56,47313181
2022-10-11,20756.18,21083.14,20203.43,20599.39,40629579
2022-10-12,20624.26,20946.63,20532.52,20700.83,37689221
2022-10-13,20742.4,20837.92,20470.88,20642.2,14340090
2022-10-14,20635.26,20841.81,20379.61,20748.91,19808099
2022-10-15,20629.81,20747.16,20568.67,20632.77,28799449
2022-10-16,20573.04,20899.59,20445.28,20679.65,33521726
2022-10-17,20735.27,21106.66,20285.78,20642.2,20516992
2022-10-18,20472.5,21029.77,20084.32,20684.48,13488703
2022-10-19,20758.17,20935.96,20220.49,20704.08,20632444
2022-10-20,20736.45,20886.3,20605.64,20736.09,37397300
2022-10-21,20817.96,21115.53,20525.53,20828.06,38273508
2022-10-22,20815.65,20884.98,20722.87,20815.73,41050807
2022-10-23,20687.0,21309.99,20272.32,20872.94,23094895
2022-10-24,20899.89,21007.11,20799.56,20910.21,23160225
2022-10-25,20990.17,21046.55,20911.7,20958.39,23973536
2022-10-26,21016.54,21243.19,20527.45,20926.48,23504047
2022-10-27,20884.88,21163.74,20729.6,20868.0,34458288
2022-10-28,20873.43,21071.07,20810.53,20973.75,23112259
2022-10-29,20940.22,21115.36,20778.14,21038.92,11177273
2022-10-30,20987.21,21358.47,20835.77,21040.41,24823020
2022-10-31,21100.71,21186.08,20908.28,21021.12,18427707
2022-11-01,20945.6,21030.4,20891.48,20970.34,12271026
2022-11-02,20914.11,21092.79,20830.54,21051.31,25715689
2022-11-03,20981.59,21315.09,20624.98,21064.67,17998417
2022-11-04,20970.5,21328.04,20720.33,21123.92,25471532
2022-11-05,21133.2,21369.62,20940.58,21100.0,48150438
2022-11-06,21173.52,21604.53,19027.75,19528.49,64669417
2022-11-07,19517.66,19825.92,17851.5,18204.44,83125611
2022-11-08,18122.2,18186.51,16985.74,17022.2,54770605
2022-11-09,17065.1,17177.52,15636.85,15800.0,25424338
2022-11-10,15879.9,15910.75,15846.54,15874.57,33517947
2022-11-11,15843.79,16026.44,15687.86,15776.35,17481119
2022-11-12,15753.7,16265.83,15411.19,15811.34,12059662
2022-11-13,15835.8,15935.44,15526.24,15824.94,16099417
2022-11-14,15901.93,16134.64,15399.45,15904.69,17984878
2022-11-15,15879.88,16007.05,15815.04,15923.84,23598496
2022-11-16,15860.19,16294.61,15517.28,15931.67,8899355
2022-11-17,15961.85,16153.61,15853.2,16012.94,30764176
2022-11-18,16051.33,16214.82,15742.08,16076.42,10236717
2022-11-19,16076.72,16234.36,15889.58,16046.82,32043538
2022-11-20,16019.96,16329.38,15877.58,15983.58,39083213
2022-11-21,16031.26,16607.49,15710.79,16200.0,35505622
2022-11-22,16225.66,16318.56,15974.22,16115.72,28238644
2022-11-23,16078.57,16254.2,15870.61,16097.87,11641090
2022-11-24,16100.24,16591.91,15912.58,16109.57,26123162
2022-11-25,16044.24,16285.08,15953.54,16077.37,15752173
2022-11-26,16110.45,16282.09,16059.73,16251.92,30443433
2022-11-27,16239.13,16513.57,16044.17,16264.04,16723449
2022-11-28,16242.78,16407.7,16140.06,16308.53,17006238
2022-11-29,16306.92,16568.32,16099.55,16265.22,32900511
2022-11-30,16267.19,16576.5,16005.51,16201.83,8662131
2022-12-01,16245.33,16337.4,16122.6,16224.88,12998417
2022-12-02,16253.65,16311.88,16198.37,16235.33,20997709
2022-12-03,16227.71,16442.67,16112.56,16350.29,29615552
2022-12-04,16387.75,16571.42,16348.06,16487.45,26818622
2022-12-05,16507.27,16572.34,16276.32,16400.46,26397926
2022-12-06,16379.47,16758.64,16285.73,16457.96,35959751
2022-12-07,16451.8,16567.95,16149.77,16292.97,12527492
2022-12-08,16285.73,16460.09,16239.76,16397.37,22707868
2022-12-09,16422.23,16984.32,15907.4,16332.46,26000051
2022-12-10,16314.47,16413.37,16159.27,16334.36,24552479
2022-12-11,16315.23,16796.07,15957.12,16306.88,19653634
2022-12-12,16403.19,16506.01,16152.88,16329.66,8973936
2022-12-13,16375.7,16462.38,16220.36,16292.58,10348688
2022-12-14,16255.4,16658.45,16096.14,16353.95,11406373
2022-12-15,16381.96,16501.63,16241.07,16330.98,17046527
2022-12-16,16336.78,16403.1,16281.35,16354.29,11625265
2022-12-17,16373.5,16518.02,15802.92,16312.76,20311463
2022-12-18,16319.48,16500.64,16220.01,16388.66,13076093
2022-12-19,16447.15,16534.42,16372.09,16420.58,28762582
2022-12-20,16437.6,16760.39,16186.24,16461.35,32427732
2022-12-21,16458.28,16543.94,16269.75,16387.25,19086126
2022-12-22,16438.48,16501.59,16343.54,16447.86,21371712
2022-12-23,16459.37,16507.33,16407.48,16468.87,36195871
2022-12-24,16474.87,16764.97,16018.58,16583.02,22421701
2022-12-25,16598.64,16635.07,16526.65,16551.96,33256451
2022-12-26,16547.31,16756.96,16276.61,16558.85,12733227
2022-12-27,16559.31,16769.21,16194.2,16494.11,32032211
2022-12-28,16465.08,16692.55,16150.97,16562.49,21873900
2022-12-29,16525.17,16671.16,16363.11,16512.72,9185521
2022-12-30,16463.25,16574.46,16416.12,16547.03,34246719
2022-12-31,16477.93,16561.16,16435.38,16500.0,44319186
2023-01-01,16456.45,16946.42,16360.14,16812.81,23876851
2023-01-02,16804.02,17132.55,16732.54,17082.81,45433367
2023-01-03,17088.1,17695.97,16832.82,17404.96,16740030
2023-01-04,17390.8,17983.61,17155.64,17711.08,36634239
2023-01-05,17585.92,18426.34,17221.3,18030.47,20200888
2023-01-06,18115.64,18431.29,18070.91,18410.9,22592620
2023-01-07,18470.91,19205.77,18018.82,18788.83,43517568
2023-01-08,18813.95,19447.32,18592.13,19153.08,25546571
2023-01-09,19262.69,19514.43,19097.41,19393.63,12471662
2023-01-10,19336.77,19839.29,19048.72,19645.01,29932922
2023-01-11,19756.25,20798.68,19112.06,19997.43,23951063
2023-01-12,19939.52,20497.62,19912.65,20419.66,45929785
2023-01-13,20434.28,20990.49,20347.47,20904.57,19643886
2023-01-14,20824.69,21235.42,20630.11,21100.0,41871727
2023-01-15,21100.93,21608.89,20846.02,21232.26,20317691
2023-01-16,21256.86,21680.84,20927.39,21165.91,25456252
2023-01-17,21156.09,21517.93,21036.39,21275.82,23270864
2023-01-18,21321.39,21611.63,21224.43,21440.62,36214318
2023-01-19,21446.99,21786.46,21291.74,21603.83,16124444
2023-01-20,21569.97,22029.61,21164.74,21760.66,27378246
2023-01-21,21723.66,22068.71,21158.84,21797.31,24737506
2023-01-22,21850.34,22020.73,21792.93,21942.25,40215575
2023-01-23,21899.21,22374.56,21548.38,21946.2,14823626
2023-01-24,22006.47,22146.12,21968.55,22063.71,41286043
2023-01-25,22144.64,22562.58,21763.37,21983.6,18859739
2023-01-26,21873.55,22345.12,21775.62,22139.19,14112473
2023-01-27,22214.44,22286.58,22024.23,22147.2,23225502
2023-01-28,22284.1,22600.53,22171.26,22485.14,16788920
2023-01-29,22502.14,22866.75,22322.26,22644.48,34788752
2023-01-30,22685.18,23229.39,22334.42,22869.62,50279247
2023-01-31,22940.77,23054.16,22901.54,22994.33,12766121
2023-02-01,22975.33,23112.57,22824.72,23002.04,31733220
2023-02-02,23014.61,23473.73,22755.97,23183.37,26610266
2023-02-03,23091.97,23313.47,23024.77,23257.18,26505524
2023-02-04,23266.85,23821.42,22529.37,23407.24,24815939
2023-02-05,23442.22,23595.54,23379.41,23480.42,43648510
2023-02-06,23516.78,23632.02,23377.67,23469.96,13193324
2023-02-07,23544.98,23588.76,23493.1,23544.73,39367353
2023-02-08,23490.0,23882.67,22825.59,23551.57,23243233
2023-02-09,23513.93,24090.75,23198.96,23695.53,27549246
2023-02-10,23830.27,23904.42,23698.11,23792.18,31877420
2023-02-11,23781.45,24664.93,23513.78,24012.79,25437232
2023-02-12,24027.2,24285.29,23692.71,24141.03,17995726
2023-02-13,24136.17,24683.91,23821.8,24339.15,16398280
2023-02-14,24279.15,24586.82,24169.8,24343.22,23402121
2023-02-15,24461.78,24617.75,24237.68,24361.39,50480080
2023-02-16,24322.83,25076.34,23908.55,24600.0,23374275
2023-02-17,24516.81,24683.28,24025.45,24165.03,42738952
2023-02-18,24132.35,24618.18,23178.07,24049.24,28366855
2023-02-19,23904.82,23934.3,23706.62,23732.0,43805881
2023-02-20,23685.63,24131.76,23042.99,23745.43,30769919
2023-02-21,23676.47,23917.94,23393.31,23586.09,19827841
2023-02-22,23629.78,23845.18,23095.91,23456.77,56563538
2023-02-23,23409.38,23948.58,22744.11,23200.35,22533720
2023-02-24,23262.14,23333.45,22837.72,22887.48,35914451
2023-02-25,22983.5,23301.92,22425.3,22703.1,37976011
2023-02-26,22756.3,22885.27,22290.85,22435.82,26800002
2023-02-27,22421.32,22512.68,22230.96,22292.52,49264526
2023-02-28,22301.96,22332.6,22042.49,22129.04,45187609
2023-03-01,22027.8,22067.83,21918.24,21955.97,45263668
2023-03-02,21947.16,22109.32,21579.66,21756.62,56636098
2023-03-03,21700.46,21972.91,21208.41,21400.55,32135902
2023-03-04,21445.13,21789.77,20761.92,21115.4,16406585
2023-03-05,21278.37,21461.76,20588.79,20900.87,37756097
2023-03-06,20932.21,21039.92,20717.49,20800.53,26543296
2023-03-07,20676.28,20943.12,20306.08,20601.63,17103110
2023-03-08,20579.3,20754.65,20230.93,20543.06,27985676
2023-03-09,20550.61,21038.98,20249.43,20427.82,50961664
2023-03-10,20433.17,20774.28,19701.45,20100.0,27201007
2023-03-11,20055.93,21199.03,19797.33,20891.55,58708520
2023-03-12,20906.92,21567.68,20832.11,21502.55,38636481
2023-03-13,21422.4,22237.96,21348.5,22141.09,26143411
2023-03-14,22078.32,23092.0,22024.03,22887.64,68903496
2023-03-15,22931.98,23914.42,22715.98,23686.86,76807135
2023-03-16,23614.69,24912.34,23422.61,24467.47,38680372
2023-03-17,24506.97,25835.75,23968.62,25308.35,39958699
2023-03-18,25204.38,26418.63,24971.78,26134.35,46529590
2023-03-19,26272.72,27117.37,25997.04,26970.23,81869618
2023-03-20,26907.59,28232.5,26518.78,28000.0,15781397
2023-03-21,27981.21,28231.31,27748.18,27869.68,29289408
2023-03-22,27897.33,28295.75,27797.36,28228.1,50036448
2023-03-23,28180.22,28467.67,28044.07,28421.61,32125024
2023-03-24,28433.83,28619.7,28218.97,28449.61,28441517
2023-03-25,28498.72,29003.85,27937.66,28443.51,53462711
2023-03-26,28525.48,28738.26,28249.3,28387.52,63244238
2023-03-27,28454.93,28832.03,28163.44,28653.76,56059954
2023-03-28,28638.99,29052.14,28176.65,28679.46,29686432
2023-03-29,28666.85,29049.85,28457.77,28878.72,58182415
2023-03-30,29082.24,29189.89,28876.49,28991.49,47708140
2023-03-31,29074.11,29613.76,28685.36,29027.74,21241710
2023-04-01,28947.46,29791.78,28645.68,29028.63,42305807
2023-04-02,29037.34,29104.32,28931.87,28985.58,18497920
2023-04-03,28956.44,29384.08,28892.72,29250.66,48437889
2023-04-04,29238.78,29776.8,28418.37,29338.07,49138344
2023-04-05,29229.86,29535.3,28874.33,29269.74,49718526
2023-04-06,29233.57,29438.66,29139.12,29257.03,25975262
2023-04-07,29416.03,29565.31,29364.65,29505.8,54015462
2023-04-08,29557.06,30247.63,29224.77,29902.96,24474125
2023-04-09,29679.48,30074.11,29578.3,30000.59,58616453
2023-04-10,30110.1,30403.1,29927.43,30027.05,48303665
2023-04-11,30125.21,30375.23,29921.86,30122.5,19456322
2023-04-12,30090.03,30475.09,29098.56,30115.66,25082807
2023-04-13,30180.47,30588.34,29969.86,30216.62,50663286
2023-04-14,30138.72,31006.31,29757.83,30400.0,38221356
2023-04-15,30357.11,31267.03,29685.25,30347.11,51289115
2023-04-16,30483.54,31307.8,29808.13,30266.12,29416984
2023-04-17,30241.45,30490.42,29938.61,30182.74,53553718
2023-04-18,30013.43,30237.72,29736.92,29890.99,24131935
2023-04-19,29885.32,30288.56,29469.41,29809.2,40251651
2023-04-20,29802.17,30622.68,29467.43,29769.83,59266113
2023-04-21,29876.86,30159.16,29519.72,29811.42,43493179
2023-04-22,29812.71,30477.69,29199.73,29794.26,17947827
2023-04-23,29756.58,30216.16,29096.76,29723.26,59852535
2023-04-24,29816.45,30157.43,29478.73,29700.4,22750743
2023-04-25,29711.16,30272.16,29022.65,29638.38,52235755
2023-04-26,29571.69,29920.3,29123.99,29464.23,39819493
2023-04-27,29566.32,29680.5,29177.62,29404.5,28388128
2023-04-28,29421.58,29552.74,29242.48,29367.19,22687847
2023-04-29,29367.45,29946.31,28739.58,29379.83,24013623
2023-04-30,29395.51,29562.52,29118.84,29282.48,55294195
2023-05-01,29188.43,29434.13,29035.99,29200.0,54783954
2023-05-02,29153.78,29365.03,29048.85,29253.9,36924054
2023-05-03,29254.21,30313.09,28126.7,29175.16,20386684
2023-05-04,29158.12,29597.84,28725.72,29271.61,55234589
2023-05-05,29383.35,29539.76,29136.6,29222.95,41121597
2023-05-06,29242.01,29827.65,28937.72,29432.7,34809490
2023-05-07,29508.18,29598.27,29244.47,29463.88,33798582
2023-05-08,29464.71,29845.29,28892.29,29416.03,31967730
2023-05-09,29509.25,29902.85,28874.62,29360.96,39926073
2023-05-10,29395.97,30093.26,28850.98,29280.29,43198817
2023-05-11,29281.47,29738.48,28930.26,29351.62,40211230
2023-05-12,29350.45,31026.3,28309.17,29560.0,55035969
2023-05-13,29475.36,29642.31,29441.74,29546.49,29737680
2023-05-14,29591.42,29710.75,29517.53,29591.84,42779674
2023-05-15,29588.27,29712.33,29316.59,29507.24,28085847
2023-05-16,29462.8,29588.78,29430.63,29510.19,49414521
2023-05-17,29608.15,29718.71,29449.29,29550.44,19783107
2023-05-18,29439.61,29645.41,29397.89,29587.28,24623936
2023-05-19,29549.78,29779.47,29493.34,29680.23,52247983
2023-05-20,29771.74,29843.83,29663.45,29731.3,23566883
2023-05-21,29759.44,29967.88,29362.77,29697.02,44421963
2023-05-22,29692.75,29870.25,29459.09,29637.96,60274400
2023-05-23,29660.28,30028.1,29526.72,29697.32,43249472
2023-05-24,29713.3,30645.1,29337.26,29896.18,25596805
2023-05-25,29760.15,30161.16,29588.34,30039.89,29896246
2023-05-26,30008.42,30343.88,29807.0,30061.61,53926387
2023-05-27,30207.39,30740.87,29749.37,30010.78,32225552
2023-05-28,29951.42,30110.72,29871.21,29943.15,51898858
2023-05-29,29914.56,30339.7,29662.97,30082.91,50382107
2023-05-30,30034.03,30581.27,29869.27,30075.01,43859015
2023-05-31,30067.16,30884.93,29592.49,30323.13,55978544
2023-06-01,30270.08,31149.06,29466.97,30168.11,32376010
2023-06-02,30212.16,30670.42,30073.04,30319.41,39544184
2023-06-03,30337.35,31028.66,29628.01,30283.7,50208986
2023-06-04,30353.98,30542.23,30028.92,30410.5,24240818
2023-06-05,30314.63,30771.74,29886.58,30319.51,28484218
2023-06-06,30288.55,30932.28,29518.33,30271.16,47055989
2023-06-07,30250.66,30486.33,30064.9,30349.42,45666057
2023-06-08,30390.91,30997.98,29752.55,30371.56,40165538
2023-06-09,30299.29,31460.38,29664.46,30270.5,56200092
2023-06-10,30353.65,30526.17,29781.56,30124.62,36953835
2023-06-11,30231.84,30639.73,29629.36,30129.07,62226642
2023-06-12,30039.69,30458.55,29853.82,30330.28,52168648
2023-06-13,30285.62,30571.72,29923.63,30440.12,32243470
2023-06-14,30391.54,31014.79,30128.33,30576.66,36543395
2023-06-15,30818.12,31023.01,30327.63,30433.61,47035763
2023-06-16,30394.36,30566.52,30287.09,30478.19,63548307
2023-06-17,30631.58,30682.32,30225.0,30276.81,26868446
2023-06-18,30161.76,30754.84,29437.65,30512.08,39097099
2023-06-19,30421.49,31181.53,29953.99,30523.31,23423874
2023-06-20,30460.44,31209.85,29980.15,30724.12,29986866
2023-06-21,30646.17,31210.97,30265.12,30629.16,48997391
2023-06-22,30604.54,31043.68,30334.53,30700.0,20777266
2023-06-23,30634.72,31667.79,30122.75,30849.82,50549580
2023-06-24,30773.99,31403.74,30309.79,30999.61,60020846
2023-06-25,31107.34,31600.91,30560.56,30928.47,60520946
2023-06-26,31042.02,31251.16,30547.7,30930.64,26536366
2023-06-27,31018.73,31592.93,30210.33,30868.81,53813456
2023-06-28,30917.33,31233.21,30614.59,30982.85,63118048
2023-06-29,30991.47,31576.99,30171.91,31103.89,22067748
2023-06-30,31057.51,31319.83,31005.95,31280.71,36984349
2023-07-01,31191.27,31253.59,31079.24,31195.19,60956105
2023-07-02,31229.16,31578.71,30386.02,31133.01,27376717
2023-07-03,31023.39,31326.33,30790.21,30987.51,64185041
2023-07-04,30895.11,31263.27,30667.52,31126.65,41342268
2023-07-05,31234.31,32010.07,30438.85,31171.75,20344417
2023-07-06,31349.49,31550.44,31049.52,31165.0,38887255
2023-07-07,31201.77,31459.9,30903.13,31068.21,31113135
2023-07-08,31171.34,32051.42,30786.19,31049.28,31626910
2023-07-09,31026.38,31941.48,30143.31,31209.52,41859745
2023-07-10,31084.27,31636.83,30632.22,31244.05,40513992
2023-07-11,31301.43,31529.99,30915.71,31334.95,40320871
2023-07-12,31388.47,31955.68,30686.27,31416.71,20915152
2023-07-13,31423.47,31624.4,31311.95,31500.0,61389727
2023-07-14,31477.1,31600.68,31184.12,31273.11,40883493
2023-07-15,31363.38,31596.61,30846.38,31164.17,54882289
2023-07-16,31072.01,31937.34,30230.37,31137.43,59263992
2023-07-17,31065.15,31170.28,30877.37,30988.26,36033584
2023-07-18,30894.54,31076.74,30382.7,30691.13,18144259
2023-07-19,30698.96,30846.03,30384.85,30434.62,62675797
2023-07-20,30335.29,30549.78,29829.42,30277.71,53951575
2023-07-21,30215.56,30527.76,29803.37,30147.78,21856504
2023-07-22,30083.95,30160.18,29963.61,30001.57,55260123
2023-07-23,29978.11,30434.16,29317.23,29722.04,16332402
2023-07-24,29589.41,29759.4,29527.34,29667.45,18358722
2023-07-25,29675.21,29847.4,29341.27,29456.08,39279417
2023-07-26,29566.3,29692.93,29219.22,29404.93,22332592
2023-07-27,29416.89,29498.27,29061.81,29141.43,63237757
2023-07-28,29276.18,29804.7,28506.72,28974.11,62660443
2023-07-29,29090.07,29290.76,28602.8,28720.78,43643503
2023-07-30,28787.79,28862.9,28604.0,28677.1,18879644
2023-07-31,28683.52,29138.34,28408.29,28525.93,28188827
2023-08-01,28527.85,28737.65,28296.93,28524.58,34280585
2023-08-02,28589.95,29053.74,27827.47,28330.11,40209351
2023-08-03,28296.82,28892.85,27179.41,28100.47,23452474
2023-08-04,27941.77,28041.34,27861.24,27948.96,44672976
2023-08-05,27990.21,28312.79,27549.3,27711.55,32489064
2023-08-06,27617.52,28179.25,26967.22,27689.04,65861788
2023-08-07,27609.12,27776.9,27120.19,27359.18,57360371
2023-08-08,27359.2,27389.69,27167.73,27221.06,43353573
2023-08-09,27213.3,27605.04,26832.5,26974.3,40283597
2023-08-10,26860.03,27266.46,26755.37,26999.02,20626132
2023-08-11,27012.43,27302.73,26749.82,26889.63,25024653
2023-08-12,26967.57,27522.45,26577.1,26735.61,57713717
2023-08-13,26645.11,26823.08,26396.01,26513.46,46737874
2023-08-14,26614.67,26706.05,26287.03,26330.24,23098512
2023-08-15,26207.0,26395.46,25884.19,26173.91,36606180
2023-08-16,26340.16,26693.11,25940.43,26132.14,54733866
2023-08-17,26099.89,26143.56,25940.47,26000.0,29835012
2023-08-18,26011.36,26325.3,25344.62,25834.28,21463946
2023-08-19,25687.64,25849.23,25609.86,25747.85,51207436
2023-08-20,25743.05,25808.52,25569.0,25696.87,32395006
2023-08-21,25714.48,26061.75,25588.84,25770.99,30443489
2023-08-22,25764.33,25966.71,25615.0,25707.53,24359869
2023-08-23,25664.11,25909.03,25540.29,25773.45,54095323
2023-08-24,25700.26,26384.85,24847.33,25956.86,49183909
2023-08-25,26044.89,26087.81,25996.12,26049.63,29977805
2023-08-26,26052.04,27127.8,25560.35,25995.02,14897245
2023-08-27,26115.17,26540.42,25674.58,25930.35,31695276
2023-08-28,25889.4,26092.47,25692.12,25872.34,20166121
2023-08-29,25838.6,26178.25,25529.09,25858.66,20063041
2023-08-30,25921.93,26608.98,25035.67,25746.82,30037943
2023-08-31,25621.46,25741.72,25522.15,25655.81,16791492
2023-09-01,25562.42,25757.2,25535.27,25667.43,52655755
2023-09-02,25751.94,25808.64,25686.56,25743.83,15836190
2023-09-03,25653.32,26152.36,25305.4,25842.6,28692937
2023-09-04,25701.57,25905.46,25612.64,25832.94,20398847
2023-09-05,25977.75,26359.7,25406.14,25753.79,40634686
2023-09-06,25646.11,26181.65,25067.81,25791.25,16760482
2023-09-07,25805.49,26147.94,25313.23,25725.26,36682130
2023-09-08,25730.59,26007.87,25603.89,25828.25,46574384
2023-09-09,25610.47,25935.87,25485.55,25716.53,50599207
2023-09-10,25695.91,25917.72,25093.37,25744.91,41553199
2023-09-11,25779.54,25862.52,25683.81,25800.0,18073617
2023-09-12,25827.42,26314.0,24728.16,25698.09,18599232
2023-09-13,25767.75,26682.18,24853.28,25882.83,47819996
2023-09-14,25852.74,26341.51,25615.16,26085.5,24286863
2023-09-15,26141.25,26503.69,25819.68,26256.74,31795726
2023-09-16,26202.44,26571.4,25536.25,26301.7,52925328
2023-09-17,26190.4,26693.9,25883.66,26270.04,45833605
2023-09-18,26167.76,26313.16,26082.09,26258.76,46858133
2023-09-19,26143.58,26413.06,25894.31,26247.94,55447798
2023-09-20,26327.44,26517.63,26223.45,26483.36,38367146
2023-09-21,26363.03,26968.39,26132.94,26501.35,48864409
2023-09-22,26523.13,27120.57,26332.27,26688.26,28684849
2023-09-23,26666.97,26819.8,26618.63,26735.0,64584952
2023-09-24,26726.77,27175.28,26572.35,27014.76,25044261
2023-09-25,27125.27,27224.35,26939.69,27003.56,39191685
2023-09-26,26968.04,27113.91,26867.62,27068.23,26976246
2023-09-27,27117.89,27571.07,26550.92,27176.01,19001295
2023-09-28,27179.07,27363.91,27081.69,27239.23,38850451
2023-09-29,27226.81,27355.66,26855.03,27163.76,32194062
2023-09-30,27351.18,27453.86,26916.13,26959.16,41651788
2023-10-01,26842.59,27558.72,26704.78,27126.0,37728997
2023-10-02,27230.91,27413.34,26964.25,27179.58,40434176
2023-10-03,27233.11,27430.93,27174.89,27359.92,19548872
2023-10-04,27320.56,27688.73,27116.33,27418.95,36933285
2023-10-05,27552.97,27795.33,27091.25,27639.58,52090845
2023-10-06,27486.34,27906.85,27412.61,27773.63,28263316
2023-10-07,27730.15,27897.48,27643.69,27837.75,36082171
2023-10-08,27736.83,28361.85,27238.71,27993.46,35149969
2023-10-09,28028.07,28183.65,27797.78,27976.65,50790789
2023-10-10,27883.23,28288.45,27607.04,27993.32,43420904
2023-10-11,28029.68,28735.72,27355.99,27929.42,20824042
2023-10-12,27913.8,28582.28,27006.43,28134.05,57467194
2023-10-13,28093.59,28399.64,28013.47,28325.65,55379607
2023-10-14,28358.68,29067.96,27797.36,28493.36,49926912
2023-10-15,28470.4,28749.51,28290.33,28599.76,36685913
2023-10-16,28506.35,28597.15,28299.78,28500.0,71783443
2023-10-17,28739.52,29344.32,28570.35,29268.44,52441976
2023-10-18,29225.67,30038.65,29152.44,29957.61,74602749
2023-10-19,29758.31,31188.92,29384.83,30783.9,81773285
2023-10-20,30706.13,31572.16,30629.87,31491.02,74669199
2023-10-21,31371.3,32228.41,31074.33,31950.15,52458082
2023-10-22,32029.34,32944.82,31667.85,32571.93,77224163
2023-10-23,32603.36,33595.96,32178.08,33101.62,34610980
2023-10-24,33141.22,34382.64,32921.04,34100.0,23346194
2023-10-25,34062.15,34508.68,33703.11,34183.35,53225460
2023-10-26,34154.71,35042.11,33542.77,34486.64,57839767
2023-10-27,34448.26,34823.13,34366.95,34719.31,30144468
2023-10-28,34710.85,35218.43,34470.43,35049.47,45673309
2023-10-29,35137.31,35297.68,35010.19,35187.03,22932694
2023-10-30,35222.51,35314.53,35011.08,35159.08,50563731
2023-10-31,35211.83,35520.72,34985.1,35202.92,72222849
2023-11-01,35255.67,35820.24,34422.28,35468.5,67878448
2023-11-02,35562.61,35988.85,35436.16,35807.75,43685497
2023-11-03,35838.7,36587.02,35142.21,36063.64,73131029
2023-11-04,36102.46,36400.48,35723.98,36097.28,56004287
2023-11-05,36226.02,36293.1,35955.82,36028.34,65206750
2023-11-06,35956.46,36221.1,35857.37,36119.31,66281813
2023-11-07,36026.58,36955.13,35381.34,36516.06,82579772
2023-11-08,36386.15,37907.87,36015.54,36771.27,71612597
2023-11-09,36791.45,37499.92,36502.13,37000.0,51940644
2023-11-10,36794.24,37871.66,36393.45,37180.3,43071201
2023-11-11,37231.85,37493.12,37138.84,37371.67,62699101
2023-11-12,37359.43,38115.03,36677.7,37561.18,57142731
2023-11-13,37689.04,37904.61,37547.46,37745.54,63523653
2023-11-14,37669.46,38217.78,37373.95,38057.8,47760141
2023-11-15,38034.59,38612.6,37978.93,38508.75,45291366
2023-11-16,38638.39,39179.41,38288.4,38453.09,59351313
2023-11-17,38612.65,38791.2,38518.17,38749.77,71606376
2023-11-18,38670.7,39177.59,38245.81,38651.74,77837609
2023-11-19,38672.82,39220.01,38525.39,39085.96,28371972
2023-11-20,39120.48,39434.97,39053.82,39224.04,36563459
2023-11-21,39268.0,40215.53,38691.58,39368.22,22839784
2023-11-22,39337.21,39920.78,38631.99,39514.66,20503362
2023-11-23,39666.56,39910.63,39087.81,39487.88,38614589
2023-11-24,39264.02,40392.36,38930.63,39821.41,74768827
2023-11-25,39771.1,40835.91,39358.01,40030.74,91255774
2023-11-26,40084.54,41003.28,39250.8,40486.12,49518535
2023-11-27,40541.66,40938.59,40376.41,40738.21,60545260
2023-11-28,40903.54,41247.06,40637.43,40952.39,68765631
2023-11-29,41099.6,41190.58,40955.38,41110.1,79670407
2023-11-30,41074.88,41372.77,40671.72,41119.23,80516819
2023-12-01,41279.58,42392.87,40400.87,41216.82,27860703
2023-12-02,41128.53,42705.1,40646.77,41534.03,44142232
2023-12-03,41650.02,42730.08,41126.74,41987.7,24230204
2023-12-04,42215.76,42329.55,41882.35,42000.0,63887357
2023-12-05,42153.08,42764.66,41713.69,42141.95,73338079
2023-12-06,42155.33,42383.04,41684.38,41907.09,43396065
2023-12-07,41865.38,42783.56,40982.55,42066.25,77628091
2023-12-08,41873.35,42537.86,41715.5,42142.55,57055649
2023-12-09,42181.81,42808.1,41441.47,42454.64,93036274
2023-12-10,42312.6,42472.51,42190.27,42248.64,22140383
2023-12-11,42148.11,42827.07,41589.13,42149.68,30238616
2023-12-12,41999.11,42131.32,41875.21,41980.96,43261584
2023-12-13,41922.98,42335.3,41795.95,42152.41,22992906
2023-12-14,42148.88,42324.05,42028.1,42180.64,74111116
2023-12-15,42215.27,42349.24,41958.16,42075.43,24783187
2023-12-16,41999.63,42563.24,41724.72,42111.25,71933700
2023-12-17,42246.33,43470.36,41095.6,42221.12,24515736
2023-12-18,42194.75,43087.42,41047.57,42227.68,38198315
2023-12-19,42127.88,42861.67,41894.45,42288.9,76576682
2023-12-20,42317.6,43169.69,41894.06,42347.56,86311329
2023-12-21,42597.01,43020.08,42032.11,42470.12,50426506
2023-12-22,42512.83,42818.1,41929.22,42346.04,84895117
2023-12-23,42299.94,42765.32,41824.71,42292.01,63623432
2023-12-24,42098.21,42904.09,41355.6,42197.95,47552557
2023-12-25,42170.18,42839.39,41618.15,42203.85,81247228
2023-12-26,42233.59,42593.29,41566.58,41930.31,43193190
2023-12-27,41881.55,42699.34,41487.08,42124.01,40664292
2023-12-28,41913.55,42522.02,41417.84,41967.8,74089015
2023-12-29,41860.71,43134.14,41290.37,42364.29,48525139
2023-12-30,42549.15,42708.25,42099.96,42247.83,30471702
2023-12-31,42429.58,42631.17,42037.7,42300.0,28393269
2024-01-01,42187.49,43643.88,41234.86,42549.35,84361398
2024-01-02,42635.22,43311.53,41826.11,42930.0,81835729
2024-01-03,42778.21,43930.67,41807.03,43486.37,52648180
2024-01-04,43669.58,44110.46,42980.7,43667.26,101146683
2024-01-05,43699.39,44484.77,43204.37,44225.98,55410160
2024-01-06,44351.98,44966.8,43589.49,44496.58,86479728
2024-01-07,44267.63,46358.17,43091.47,45033.9,88837937
2024-01-08,45125.45,45249.68,44847.52,45165.62,98981467
2024-01-09,45164.58,45802.05,45019.44,45717.6,68910964
2024-01-10,45834.44,47158.93,45098.66,46151.91,83825576
2024-01-11,46278.57,47011.52,45692.13,46600.0,52623710
2024-01-12,46609.2,46788.76,46356.83,46581.77,75687494
2024-01-13,46497.81,46943.59,46415.04,46825.7,43623306
2024-01-14,46935.23,47222.44,46761.49,46945.31,54398977
2024-01-15,46936.84,47092.55,46844.32,46931.74,39285298
2024-01-16,46808.86,48067.86,45675.4,46866.17,29844335
2024-01-17,46736.8,47725.03,46083.86,47200.55,70664578
2024-01-18,46991.38,48065.39,46391.75,47395.63,95242895
2024-01-19,47323.08,48282.23,46353.68,47676.43,25752010
2024-01-20,47834.15,48708.67,47051.67,47684.28,40717797
2024-01-21,47709.72,48194.78,46802.7,47864.02,57748639
2024-01-22,47787.95,48878.99,47149.66,47896.67,74438006
2024-01-23,48012.32,48126.58,47533.91,47808.32,37099483
2024-01-24,47688.92,48120.46,47236.71,47747.8,31987622
2024-01-25,47761.46,49129.39,47331.0,48094.2,64484613
2024-01-26,48068.28,48520.11,47719.26,48211.23,83336621
2024-01-27,48323.92,48993.37,47761.85,48210.52,27804207
2024-01-28,47982.41,48945.98,47127.02,48106.43,53622963
2024-01-29,47983.73,48874.87,47551.09,48319.28,72916106
2024-01-30,48081.81,48547.69,47867.06,48341.54,36197428
2024-01-31,48303.89,49368.41,47117.37,48524.43,48048483
2024-02-01,48700.78,49155.25,48129.95,48911.62,70080955
2024-02-02,48837.45,50272.88,47864.07,49154.76,100643024
2024-02-03,49079.45,50269.92,48482.92,49004.96,52587116
2024-02-04,49133.11,50010.22,47886.54,48631.02,62477208
2024-02-05,48786.91,50021.49,48338.21,48736.53,61171264
2024-02-06,48723.58,49786.98,47480.82,49080.48,103469880
2024-02-07,49181.3,50087.55,47995.33,49428.85,30863360
2024-02-08,49269.15,49747.58,48455.34,49496.2,69743453
2024-02-09,49700.82,50404.21,49131.32,49386.43,90700433
2024-02-10,49704.78,50424.64,48421.98,49292.41,105745445
2024-02-11,49369.48,50530.88,48550.51,49495.19,82964065
2024-02-12,49185.7,49970.33,48914.39,49700.0,68111385
2024-02-13,49616.77,51011.17,49059.66,50398.06,73734470
2024-02-14,50490.72,51769.98,50283.8,51176.54,65911396
2024-02-15,51111.83,51997.88,50953.91,51825.01,103459082
2024-02-16,52022.81,54202.32,50619.72,52914.48,95583289
2024-02-17,53007.84,53882.39,52427.52,53238.82,107946807
2024-02-18,53125.99,54430.39,52571.12,53698.17,72020730
2024-02-19,53703.37,54395.75,53573.97,54214.5,116502765
2024-02-20,54069.12,55608.77,53833.02,55202.13,148114875
2024-02-21,55171.89,57078.93,54621.89,56393.16,139401712
2024-02-22,56299.33,57900.65,55375.4,57278.55,109884804
2024-02-23,57480.42,58488.93,56346.17,57945.53,95133067
2024-02-24,58313.37,58943.43,57990.28,58316.64,98137702
2024-02-25,58066.25,59292.1,57889.1,59183.22,56588423
2024-02-26,58841.75,59976.68,58632.68,59875.88,57688749
2024-02-27,59831.84,62126.88,58679.33,61090.22,89616183
2024-02-28,60811.93,61862.68,60718.72,61682.89,63856043
2024-02-29,61691.44,63326.12,61306.69,62918.21,105036776
2024-03-01,63059.57,64205.77,62667.2,63618.39,119409273
2024-03-02,63903.56,64758.01,63735.49,64503.01,96735620
2024-03-03,64541.98,65934.05,63758.82,65031.89,43969010
2024-03-04,64994.21,67451.28,63242.2,65744.04,50953286
2024-03-05,65353.84,67060.52,65266.16,66800.0,55096016
2024-03-06,66805.25,67830.15,66601.15,67571.57,59719635
2024-03-07,67586.02,69056.98,67091.01,68280.75,161638531
2024-03-08,68411.64,69274.95,67969.13,68938.58,85706611
2024-03-09,68792.05,70431.96,67507.24,69706.41,74877604
2024-03-10,69615.43,70524.69,69257.6,70212.61,50936285
2024-03-11,69901.28,71860.55,69253.25,71105.18,120800857
2024-03-12,70616.41,71780.16,70518.63,71706.92,134842723
2024-03-13,71468.46,74097.49,69974.4,72682.36,72528320
2024-03-14,72339.95,74111.17,71821.08,73800.0,236329040
2024-03-15,73874.55,74564.66,70771.46,71200.85,180354114
2024-03-16,71090.17,71728.07,69000.95,69458.67,84078268
2024-03-17,69346.51,69473.84,67804.55,67959.37,108206810
2024-03-18,67758.67,67903.63,66708.7,66954.3,114419396
2024-03-19,66305.0,67584.6,64255.1,65484.71,101438266
2024-03-20,65781.02,66717.92,62508.15,63800.0,123688664
2024-03-21,63608.55,65690.91,62739.02,64192.16,49153287
2024-03-22,64112.74,65219.48,63428.85,64684.43,80445206
2024-03-23,64402.11,65752.94,63966.4,65032.01,77254705
2024-03-24,65221.63,65439.44,64947.72,65162.7,93041069
2024-03-25,65190.74,66466.76,64541.48,65771.33,143242803
2024-03-26,65608.27,67226.28,65196.5,66479.44,60263766
2024-03-27,66401.21,68396.88,65435.26,66797.88,43877884
2024-03-28,67134.17,67629.7,65601.35,66785.17,96769382
2024-03-29,66770.55,67818.48,64623.24,66837.25,58801807
2024-03-30,66800.81,68632.46,66143.3,67360.1,49394556
2024-03-31,67169.87,68481.47,66915.11,68024.98,85127377
2024-04-01,67638.34,69438.96,67096.35,68357.47,72482454
2024-04-02,68324.65,70402.42,67603.72,69308.8,83382942
2024-04-03,69376.48,70028.83,69118.7,69845.14,72550344
2024-04-04,70075.54,71221.8,69355.01,70430.73,47843350
2024-04-05,69955.64,71164.23,69589.37,70653.07,105702681
2024-04-06,70414.59,72889.96,68515.31,71063.01,41533608
2024-04-07,70939.2,71589.11,70611.91,71351.81,144882912
2024-04-08,71351.07,73646.65,69208.76,71500.0,101519595
2024-04-09,71468.89,71572.41,69757.6,70059.19,137150157
2024-04-10,70033.61,70312.5,69030.17,69117.12,153211268
2024-04-11,69201.74,71085.36,67547.19,68107.59,88865698
2024-04-12,67923.03,68932.09,65511.53,66676.25,153759964
2024-04-13,66863.11,68419.94,64263.42,65273.48,154042231
2024-04-14,65358.35,66619.37,63207.12,64132.5,69941020
2024-04-15,64070.96,65103.71,61853.87,63282.11,151304211
2024-04-16,63586.03,64163.57,62194.23,62642.19,47520047
2024-04-17,62934.68,63469.9,61081.26,61300.0,54577116
2024-04-18,61471.56,62288.0,60663.28,61540.7,102816128
2024-04-19,60983.41,62363.17,59621.26,61539.46,58803326
2024-04-20,61830.97,62390.14,61544.27,62178.59,98304048
2024-04-21,62326.84,62476.25,61613.86,62111.07,113652973
2024-04-22,62484.93,62952.45,61366.59,62030.03,127627832
2024-04-23,62260.31,62680.03,61650.74,61840.15,78944342
2024-04-24,62132.97,62972.31,61315.34,62006.61,122022841
2024-04-25,62170.06,62291.25,61660.85,61988.81,70452037
2024-04-26,62239.62,62823.57,61243.08,62041.77,57083740
2024-04-27,62412.93,63545.64,60357.68,61693.41,83337916
2024-04-28,61733.49,62346.21,61497.55,61887.48,92023498
2024-04-29,61595.58,64018.7,60619.62,61913.11,83756928
2024-04-30,61856.0,62441.48,61754.3,62345.71,91959938
2024-05-01,62418.64,63528.16,60908.23,62633.19,71584801
2024-05-02,62647.26,63208.0,61516.66,62582.21,81740032
2024-05-03,62348.17,62780.32,62124.42,62628.35,123342187
2024-05-04,62321.9,63506.27,60621.66,62694.16,79599188
2024-05-05,62554.76,63088.89,61680.55,62744.06,55975641
2024-05-06,62896.11,63147.95,62575.2,62700.0,111125385
2024-05-07,62997.26,63074.18,62838.29,62956.86,78775488
2024-05-08,63129.97,64113.72,62372.71,63722.83,131533323
2024-05-09,63924.98,65228.6,63341.31,64350.77,41473537
2024-05-10,64335.17,65787.44,63280.93,64676.39,70360930
2024-05-11,64338.37,65531.74,63639.86,64966.72,46589029
2024-05-12,64878.0,65773.36,63356.41,65349.42,50074402
2024-05-13,65298.69,66302.24,64767.13,66068.91,118646486
2024-05-14,65970.39,67047.91,65572.98,66753.36,87115390
2024-05-15,66764.31,67987.84,66140.96,67456.28,130858719
2024-05-16,67545.61,68295.94,67173.16,67703.91,102781595
2024-05-17,67877.17,69152.0,67168.0,68350.61,74156636
2024-05-18,68293.58,69143.07,68026.51,68864.97,143611576
2024-05-19,68471.66,70780.64,68112.62,69962.56,113292076
2024-05-20,69861.21,72132.08,68321.8,70409.07,126141776
2024-05-21,70418.31,70900.52,70246.27,70600.0,105268815
2024-05-22,70858.99,71692.04,69920.57,70661.85,55045804
2024-05-23,70541.49,71153.84,70278.69,70527.77,118040130
2024-05-24,70636.22,73151.18,68464.98,70133.77,84722941
2024-05-25,70194.81,70407.1,69131.72,69744.52,86386493
2024-05-26,69753.71,69993.09,69478.45,69616.39,139513327
2024-05-27,69810.73,71056.26,67812.6,69391.37,75731339
2024-05-28,69253.8,69832.87,68907.2,69219.82,123554065
2024-05-29,69100.38,69256.21,68186.88,68323.99,85056484
2024-05-30,68321.55,69008.3,67392.08,67671.37,47661801
2024-05-31,67541.41,68284.53,66950.67,67343.49,80438013
2024-06-01,67446.12,68254.38,66615.94,67303.1,98560038
2024-06-02,67159.1,67287.59,66726.53,67137.14,81356111
2024-06-03,67182.72,68098.5,66157.18,66833.45,73374394
2024-06-04,66813.36,67299.72,65947.13,66796.92,117631606
2024-06-05,66839.99,67275.69,65560.67,66738.12,41670049
2024-06-06,66646.08,68085.91,65138.75,66248.77,72959171
2024-06-07,66181.38,66883.91,65321.89,65694.3,130609163
2024-06-08,65713.22,66406.37,64767.72,65177.01,128146457
2024-06-09,65216.53,66038.06,64384.16,65029.16,79856125
2024-06-10,65028.34,65956.71,64016.41,64710.67,126528920
2024-06-11,65041.73,65763.53,64153.15,64495.14,57983832
2024-06-12,64303.45,64950.4,63182.51,64088.63,56993086
2024-06-13,64076.28,64483.17,63476.2,63868.57,122838253
2024-06-14,63567.05,63902.71,63157.6,63590.59,137546618
2024-06-15,63661.58,64132.05,62585.48,63062.44,53972904
2024-06-16,62851.45,65157.76,61475.07,63144.29,37214164
2024-06-17,63091.57,63893.73,61777.37,63142.34,41916458
2024-06-18,63071.86,64378.12,62472.87,63283.2,66837395
2024-06-19,63336.53,64034.92,62290.41,62701.17,123060200
2024-06-20,62597.19,62799.54,62008.13,62089.36,80154229
2024-06-21,61978.48,62816.47,61099.79,62153.08,74348056
2024-06-22,62420.81,62793.77,61518.37,62186.76,87008175
2024-06-23,62239.85,62669.17,60963.36,62134.94,144686428
2024-06-24,62030.36,62333.1,60828.98,61300.0,43498879
2024-06-25,61253.87,63488.54,60717.11,61656.63,97590951
2024-06-26,61960.97,62116.97,61214.83,61575.21,119125024
2024-06-27,61531.77,62600.9,61065.63,61502.83,52760276
2024-06-28,61375.65,62708.66,59946.38,61644.68,118312420
2024-06-29,61518.0,62241.91,61205.81,61929.98,101363438
2024-06-30,61827.96,63261.23,60882.61,62109.54,33605214
2024-07-01,61998.76,62480.64,61529.87,62224.78,56265335
2024-07-02,61985.91,62931.49,61711.96,62433.36,93397014
2024-07-03,62222.79,63521.53,61414.54,62626.54,78525723
2024-07-04,62470.72,62873.63,62110.2,62625.86,82236949
2024-07-05,62737.0,62860.62,62331.73,62677.34,54131821
2024-07-06,62605.66,63239.74,62175.49,62619.08,108987497
2024-07-07,62580.17,64244.22,61705.06,63091.01,57960406
2024-07-08,63331.4,64101.58,62661.85,63024.2,80003536
2024-07-09,63269.05,63930.0,62355.29,63562.68,71560955
2024-07-10,63508.88,64021.47,63335.34,63781.29,109544266
2024-07-11,63660.58,64356.68,63296.33,64224.24,46483264
2024-07-12,64057.69,64507.23,62979.49,63777.54,53567987
2024-07-13,63910.09,64815.94,61511.93,63652.85,54039810
2024-07-14,63613.76,64414.43,62983.38,63844.55,47732722
2024-07-15,63770.52,65566.01,61943.15,64254.04,54251347
2024-07-16,64097.2,65030.57,63661.27,64384.44,102478844
2024-07-17,64235.78,65425.87,63587.75,64797.7,117280611
2024-07-18,64859.92,65592.91,64195.38,65226.84,99919846
2024-07-19,64969.44,65733.41,64179.7,65317.49,87759718
2024-07-20,65512.44,65906.49,64023.2,64965.25,37643173
2024-07-21,64861.21,65610.08,63859.39,64960.85,136501927
2024-07-22,64931.69,66170.82,64544.78,65233.6,56595280
2024-07-23,64971.96,67247.9,63933.1,65734.33,102514492
2024-07-24,65731.9,66042.03,65445.27,65858.78,133536029
2024-07-25,65793.91,66699.51,65555.31,66137.59,114624393
2024-07-26,66127.66,66720.82,65803.0,66536.25,61420541
2024-07-27,66830.01,68099.58,66493.63,66922.55,66483202
2024-07-28,66958.23,67268.47,66344.03,66990.39,39697529
2024-07-29,66830.69,68326.08,65252.54,66700.0,176282950
2024-07-30,66557.66,66820.57,63651.57,63824.08,160831712
2024-07-31,63938.03,64774.39,60628.39,61350.16,180795557
2024-08-01,61589.18,62059.65,58244.86,58726.01,55049819
2024-08-02,58775.68,58913.12,56066.04,56333.13,183676114
2024-08-03,56449.53,58077.28,52044.89,53831.28,158255080
2024-08-04,53929.75,54539.61,51135.91,51602.18,66613008
2024-08-05,51821.86,52117.94,49247.99,49500.0,59670050
2024-08-06,49210.49,50490.1,48599.17,49945.88,93263209
2024-08-07,50045.85,51204.69,49397.47,50647.38,85265393
2024-08-08,50796.85,52082.47,50233.47,51542.91,42131954
2024-08-09,51335.91,52907.75,50822.87,52097.6,43512444
2024-08-10,51959.17,54102.27,51055.93,52940.52,105253054
2024-08-11,52805.39,53847.46,52445.11,53440.66,53838055
2024-08-12,53323.82,55212.39,52695.09,54436.32,45759773
2024-08-13,54357.65,55371.42,53815.15,54732.4,126658286
2024-08-14,54772.24,57547.67,53404.92,55622.08,94347697
2024-08-15,55766.53,56372.38,55690.85,56167.27,103281847
2024-08-16,56349.48,57665.63,56074.75,57029.01,87458357
2024-08-17,56885.66,58474.69,56075.55,57764.8,101587320
2024-08-18,57618.42,59453.46,56439.3,58629.34,97591419
2024-08-19,58860.78,59385.64,58753.13,59176.69,145819734
2024-08-20,59291.51,60227.95,59190.62,59953.49,53450135
2024-08-21,59968.39,61178.33,58982.44,60158.49,65362480
2024-08-22,60243.92,62218.57,59278.81,61127.15,47115086
2024-08-23,61121.68,62836.16,59057.13,62092.03,125189656
2024-08-24,62189.75,63420.42,62080.17,63196.05,104925445
2024-08-25,63132.34,65836.8,61971.52,64000.0,58908606
2024-08-26,64051.61,65297.26,61067.01,62783.13,75789207
2024-08-27,62498.62,63190.46,62030.1,62302.27,62996996
2024-08-28,62173.72,62319.98,61240.38,61315.99,81093430
2024-08-29,61191.45,61427.73,59796.39,60315.82,152520186
2024-08-30,60248.08,60571.8,58511.1,59373.95,99736602
2024-08-31,59208.92,60200.5,57921.95,59072.55,37379296
2024-09-01,58978.0,59281.65,57985.76,58371.24,72768083
2024-09-02,58106.05,58752.29,56444.15,57149.43,37490842
2024-09-03,57243.5,57427.89,56298.57,56370.84,106389491
2024-09-04,56356.89,56590.06,55667.86,55806.15,79928757
2024-09-05,55520.66,56811.55,53835.09,55277.52,164912621
2024-09-06,55139.08,55389.26,53308.65,53900.0,101680133
2024-09-07,53954.43,54625.58,53521.47,54381.76,79552327
2024-09-08,54293.17,56372.54,53323.62,54777.8,116488795
2024-09-09,54663.27,56154.65,53801.34,55450.89,109128615
2024-09-10,55438.48,56393.8,55379.25,56182.33,60332456
2024-09-11,56240.25,57239.93,55669.84,56857.97,82272001
2024-09-12,56612.96,57645.19,56193.15,57190.64,90345886
2024-09-13,57285.03,58095.56,56640.42,57717.39,78752316
2024-09-14,57578.82,59247.45,56656.32,58177.42,57124986
2024-09-15,58174.3,59212.7,58074.22,58983.81,58736828
2024-09-16,58977.54,61129.02,57550.14,59551.57,61257700
2024-09-17,59457.41,60706.25,58537.25,59897.54,35547515
2024-09-18,59713.59,61343.65,59049.47,60351.31,123073953
2024-09-19,60299.59,60777.26,60025.29,60614.99,107978412
2024-09-20,60910.55,62646.4,60046.62,61114.92,113214685
2024-09-21,60865.27,62307.81,60184.96,61748.33,112584778
2024-09-22,62061.83,63710.46,61109.58,62804.65,113125974
2024-09-23,62755.71,63632.95,62483.43,63351.78,146082868
2024-09-24,63358.5,64102.74,63261.94,63886.63,75308821
2024-09-25,63678.35,65487.34,63206.92,64186.13,129623194
2024-09-26,64037.61,65765.31,63805.47,65108.14,77890290
2024-09-27,65009.91,65974.62,64871.21,65600.0,117292385
2024-09-28,65394.21,65960.53,65042.28,65587.92,124988208
2024-09-29,65546.81,66337.85,63983.17,65805.59,125454542
2024-09-30,65725.24,66230.78,65437.54,65899.76,34034191
2024-10-01,66265.65,66597.45,65276.77,65953.31,69297141
2024-10-02,65722.61,66603.86,65426.29,66313.3,53313909
2024-10-03,66333.73,66937.97,65894.35,66800.96,92586623
2024-10-04,66850.63,67461.77,66747.45,67380.82,84813885
2024-10-05,67164.46,68501.31,65907.13,67422.96,63566264
2024-10-06,67561.88,67950.74,67420.63,67647.77,114689644
2024-10-07,67566.94,68908.36,65704.33,67882.97,67229366
2024-10-08,67375.4,68824.33,66630.41,68204.57,122409616
2024-10-09,68339.58,69988.52,66714.72,68177.94,58293123
2024-10-10,67949.49,69844.97,66360.06,68571.65,74338922
2024-10-11,68356.11,69142.79,67806.89,68680.14,106863902
2024-10-12,68821.88,70186.72,67593.04,68973.88,103739205
2024-10-13,68902.05,69351.21,68195.56,68738.67,44924700
2024-10-14,68927.92,70576.32,66720.93,68942.05,123141915
2024-10-15,69192.34,71227.49,66753.88,68974.74,105286114
2024-10-16,68841.28,69801.21,68490.12,69294.03,125769533
2024-10-17,69458.93,70407.3,68054.61,69313.66,130999514
2024-10-18,69156.56,70431.33,67837.31,69483.91,109962150
2024-10-19,69949.41,70547.23,69039.02,70178.49,153075286
2024-10-20,70032.6,71251.81,69724.84,70770.89,151946440
2024-10-21,70988.74,72997.64,69560.45,71518.29,153274050
2024-10-22,71699.33,72651.38,70339.42,71138.1,126604237
2024-10-23,71205.56,72118.6,70214.51,71130.19,135460693
2024-10-24,70987.1,71363.05,70448.63,70775.73,92658886
2024-10-25,70743.59,71357.69,70587.61,71084.78,58808600
2024-10-26,70625.51,71788.66,70039.71,71124.99,157717707
2024-10-27,71172.88,73228.72,70623.75,71794.69,122340414
2024-10-28,71869.99,72395.78,71031.77,72067.14,70787549
2024-10-29,72096.0,73814.61,71381.37,72300.0,84545223
2024-10-30,71655.09,73009.54,71159.6,72864.23,136814882
2024-10-31,72587.57,73854.94,72487.66,73694.67,92867240
2024-11-01,73529.28,73905.28,73195.31,73563.13,51485322
2024-11-02,73627.49,74695.83,72884.61,74022.17,54499841
2024-11-03,74086.43,75207.11,72914.31,74147.38,134082887
2024-11-04,74109.51,74873.76,73802.42,74582.27,79914882
2024-11-05,74724.41,75567.02,73075.08,74877.66,97542766
2024-11-06,74647.13,76548.12,73271.61,75000.0,204856052
2024-11-07,75137.3,78441.26,74265.38,77458.01,189494811
2024-11-08,77568.33,80705.8,76061.28,79409.4,92000111
2024-11-09,79499.35,81824.58,79340.01,81568.0,90619182
2024-11-10,81523.46,85773.38,79473.82,84486.24,192193039
2024-11-11,84950.26,88605.03,83019.03,87191.66,215033793
2024-11-12,87320.67,91087.64,86065.66,89500.0,77864143
2024-11-13,89240.0,91782.36,87990.11,90405.63,111271128
2024-11-14,90472.97,91732.2,88818.43,91144.24,200415135
2024-11-15,91349.99,92347.46,90855.2,92137.41,207392131
2024-11-16,91974.85,93498.7,91653.79,92941.71,134056831
2024-11-17,93245.42,94354.8,92873.2,93969.68,66917479
2024-11-18,94077.38,96315.02,93433.05,94674.1,107157582
2024-11-19,94008.78,96629.67,93713.44,95983.95,99040434
2024-11-20,96070.24,97370.37,95779.57,97014.4,101692211
2024-11-21,96896.22,98374.59,96588.01,98086.72,144372606
2024-11-22,98244.79,99489.36,97558.33,99000.0,143822602
2024-11-23,99280.43,101402.52,97151.43,99280.53,74902838
2024-11-24,99338.65,99907.41,98172.43,98767.31,196222809
2024-11-25,99260.73,100056.0,98002.94,98356.19,142271919
2024-11-26,98303.46,98742.03,97653.35,98299.32,145383171
2024-11-27,98483.58,99771.94,97093.91,98591.95,212647644
2024-11-28,98830.03,100569.71,96926.39,98154.14,152401618
2024-11-29,98125.48,99150.51,97026.57,97778.26,217985203
2024-11-30,98006.7,98979.68,95582.83,96910.84,93350421
2024-12-01,96737.95,97933.63,95400.69,97087.46,87087340
2024-12-02,96964.38,97443.26,96796.21,97295.16,126132056
2024-12-03,96912.06,97637.66,96700.71,97377.62,132631192
2024-12-04,97448.14,98246.87,96321.53,96995.5,84732864
2024-12-05,97090.14,97526.1,96595.75,96800.0,165300770
2024-12-06,97142.46,98461.28,95986.7,97294.06,63220916
2024-12-07,97524.98,98603.02,96984.47,98235.29,177266793
2024-12-08,98151.36,99224.39,98033.43,99094.14,144434462
2024-12-09,98743.88,103576.67,97754.8,100229.77,184957498
2024-12-10,100359.92,101687.36,100023.35,101248.8,146559552
2024-12-11,101586.19,103190.75,98710.55,102214.54,248510488
2024-12-12,102446.11,105079.36,101104.28,103424.02,125261480
2024-12-13,103760.5,104808.01,103222.2,104503.22,232826493
2024-12-14,104436.79,107650.87,102319.32,105175.8,74194027
2024-12-15,105028.57,106864.29,104558.37,106126.13,188400828
2024-12-16,105891.51,107477.89,105443.67,106994.3,150156710
2024-12-17,106976.36,109382.57,105470.41,108000.0,227049097
2024-12-18,107974.54,108655.12,104919.29,106850.03,217382830
2024-12-19,106916.28,108617.01,103624.47,105739.79,229488284
2024-12-20,105698.78,106951.62,101568.94,104278.38,79146144
2024-12-21,104236.58,105814.54,102433.66,103329.3,221395761
2024-12-22,103088.54,103362.4,101784.75,102110.15,101531869
2024-12-23,102398.59,103126.77,100494.38,101032.68,64765387
2024-12-24,101055.87,103528.7,96218.88,100071.04,95472611
2024-12-25,100018.67,101821.37,98462.2,99299.63,134450532
2024-12-26,99076.97,102916.16,95330.74,98749.5,197373053
2024-12-27,98354.92,101570.92,94441.31,97569.41,96553795
2024-12-28,97952.26,99579.38,96100.7,96616.98,78683055
2024-12-29,96777.74,98046.16,94971.03,95571.67,163063963
2024-12-30,95106.07,95690.75,94294.31,94799.9,238678114
2024-12-31,95016.94,95367.93,93240.0,93500.0,154771862
2025-01-01,93758.76,95337.13,92864.5,94347.42,172355357
2025-01-02,94382.62,97087.09,92163.9,95238.43,157820773
2025-01-03,95695.04,96932.1,94954.9,96357.66,174220815
2025-01-04,96420.31,97279.99,94461.92,96744.99,224682512
2025-01-05,96333.78,99633.97,94555.4,97628.62,167637280
2025-01-06,97735.57,99510.64,97414.99,99115.45,131429037
2025-01-07,99188.27,100356.27,98911.87,100000.0,213016763
2025-01-08,99819.01,101222.12,99697.6,100948.48,205336530
2025-01-09,101122.18,101573.33,100894.49,101153.72,81889930
2025-01-10,100647.65,102308.65,100530.47,101997.82,171523041
2025-01-11,102300.93,103338.77,102008.31,103170.46,183123161
2025-01-12,102898.67,105893.65,101190.08,103433.98,155189150
2025-01-13,103128.35,104471.77,102751.89,104231.06,128018022
2025-01-14,104195.46,105923.1,103005.86,104766.43,184753867
2025-01-15,104902.51,106632.58,104173.88,105757.82,106574225
2025-01-16,105809.83,108855.19,103883.25,106356.76,125767792
2025-01-17,106119.8,108335.36,104576.42,107181.72,252367415
2025-01-18,107018.99,110146.32,104296.87,108168.58,166570546
2025-01-19,107800.9,110570.28,107133.25,108485.41,214914338
2025-01-20,108412.29,109529.96,107044.01,109000.0,223254929
2025-01-21,109351.53,109483.26,107619.46,107928.38,178244458
2025-01-22,107927.0,109237.2,103414.08,107296.55,229474618
2025-01-23,107573.18,108067.21,105858.2,106146.26,116742323
2025-01-24,106609.71,108473.0,104387.46,105182.08,171776324
2025-01-25,104996.53,106228.32,102378.38,104540.95,171717149
2025-01-26,104482.44,105271.54,103045.27,103572.87,181954849
2025-01-27,104247.5,106426.97,101321.01,102405.56,90742896
2025-01-28,102849.29,105289.12,100636.95,101500.0,100311384
2025-01-29,100990.75,104523.38,99287.93,101901.32,119862881
2025-01-30,102019.67,103618.42,101446.96,103250.58,173305691
2025-01-31,103250.76,104618.1,102866.73,104264.66,213455357
2025-02-01,104523.17,105222.99,103924.44,104500.0,210909753
